gpu,batch_size,torch,transformers,attn_impl,lang_id,method,trr,sample_idx,temp_c,dur_s,n_sil,n_sph,n_decoder_tokens,iter_idx,metric,ms
NVIDIA GeForce RTX 3080 Ti,1,2.6.0+cu124,5.5.3,sdpa,ha_ng,baseline,0.00,0,48,18.96,551,949,-1,0,enc,89.1556
NVIDIA GeForce RTX 3080 Ti,1,2.6.0+cu124,5.5.3,sdpa,ha_ng,baseline,0.00,0,48,18.96,551,949,-1,1,enc,88.7214
NVIDIA GeForce RTX 3080 Ti,1,2.6.0+cu124,5.5.3,sdpa,ha_ng,baseline,0.00,0,48,18.96,551,949,-1,2,enc,88.5821
NVIDIA GeForce RTX 3080 Ti,1,2.6.0+cu124,5.5.3,sdpa,ha_ng,baseline,0.00,0,48,18.96,551,949,-1,3,enc,88.7132
NVIDIA GeForce RTX 3080 Ti,1,2.6.0+cu124,5.5.3,sdpa,ha_ng,baseline,0.00,0,48,18.96,551,949,-1,4,enc,96.3021
NVIDIA GeForce RTX 3080 Ti,1,2.6.0+cu124,5.5.3,sdpa,ha_ng,baseline,0.00,0,48,18.96,551,949,-1,5,enc,91.6087
NVIDIA GeForce RTX 3080 Ti,1,2.6.0+cu124,5.5.3,sdpa,ha_ng,baseline,0.00,0,48,18.96,551,949,-1,6,enc,88.6944
NVIDIA GeForce RTX 3080 Ti,1,2.6.0+cu124,5.5.3,sdpa,ha_ng,baseline,0.00,0,48,18.96,551,949,-1,7,enc,88.6057
NVIDIA GeForce RTX 3080 Ti,1,2.6.0+cu124,5.5.3,sdpa,ha_ng,baseline,0.00,0,48,18.96,551,949,-1,8,enc,88.8819
NVIDIA GeForce RTX 3080 Ti,1,2.6.0+cu124,5.5.3,sdpa,ha_ng,baseline,0.00,0,48,18.96,551,949,-1,9,enc,88.8975
NVIDIA GeForce RTX 3080 Ti,1,2.6.0+cu124,5.5.3,sdpa,ha_ng,merged,0.20,0,48,18.96,551,949,-1,0,enc,83.3340
NVIDIA GeForce RTX 3080 Ti,1,2.6.0+cu124,5.5.3,sdpa,ha_ng,merged,0.20,0,48,18.96,551,949,-1,1,enc,82.9972
NVIDIA GeForce RTX 3080 Ti,1,2.6.0+cu124,5.5.3,sdpa,ha_ng,merged,0.20,0,48,18.96,551,949,-1,2,enc,82.0879
NVIDIA GeForce RTX 3080 Ti,1,2.6.0+cu124,5.5.3,sdpa,ha_ng,merged,0.20,0,48,18.96,551,949,-1,3,enc,81.1569
NVIDIA GeForce RTX 3080 Ti,1,2.6.0+cu124,5.5.3,sdpa,ha_ng,merged,0.20,0,48,18.96,551,949,-1,4,enc,80.7567
NVIDIA GeForce RTX 3080 Ti,1,2.6.0+cu124,5.5.3,sdpa,ha_ng,merged,0.20,0,48,18.96,551,949,-1,5,enc,80.7926
NVIDIA GeForce RTX 3080 Ti,1,2.6.0+cu124,5.5.3,sdpa,ha_ng,merged,0.20,0,48,18.96,551,949,-1,6,enc,81.0783
NVIDIA GeForce RTX 3080 Ti,1,2.6.0+cu124,5.5.3,sdpa,ha_ng,merged,0.20,0,48,18.96,551,949,-1,7,enc,80.9912
NVIDIA GeForce RTX 3080 Ti,1,2.6.0+cu124,5.5.3,sdpa,ha_ng,merged,0.20,0,48,18.96,551,949,-1,8,enc,80.5786
NVIDIA GeForce RTX 3080 Ti,1,2.6.0+cu124,5.5.3,sdpa,ha_ng,merged,0.20,0,48,18.96,551,949,-1,9,enc,81.2649
NVIDIA GeForce RTX 3080 Ti,1,2.6.0+cu124,5.5.3,sdpa,ha_ng,merged,0.30,0,48,18.96,551,949,-1,0,enc,76.6065
NVIDIA GeForce RTX 3080 Ti,1,2.6.0+cu124,5.5.3,sdpa,ha_ng,merged,0.30,0,48,18.96,551,949,-1,1,enc,76.0381
NVIDIA GeForce RTX 3080 Ti,1,2.6.0+cu124,5.5.3,sdpa,ha_ng,merged,0.30,0,48,18.96,551,949,-1,2,enc,75.6917
NVIDIA GeForce RTX 3080 Ti,1,2.6.0+cu124,5.5.3,sdpa,ha_ng,merged,0.30,0,48,18.96,551,949,-1,3,enc,75.3297
NVIDIA GeForce RTX 3080 Ti,1,2.6.0+cu124,5.5.3,sdpa,ha_ng,merged,0.30,0,48,18.96,551,949,-1,4,enc,75.4115
NVIDIA GeForce RTX 3080 Ti,1,2.6.0+cu124,5.5.3,sdpa,ha_ng,merged,0.30,0,48,18.96,551,949,-1,5,enc,75.7463
NVIDIA GeForce RTX 3080 Ti,1,2.6.0+cu124,5.5.3,sdpa,ha_ng,merged,0.30,0,48,18.96,551,949,-1,6,enc,75.4330
NVIDIA GeForce RTX 3080 Ti,1,2.6.0+cu124,5.5.3,sdpa,ha_ng,merged,0.30,0,48,18.96,551,949,-1,7,enc,75.7852
NVIDIA GeForce RTX 3080 Ti,1,2.6.0+cu124,5.5.3,sdpa,ha_ng,merged,0.30,0,48,18.96,551,949,-1,8,enc,75.5651
NVIDIA GeForce RTX 3080 Ti,1,2.6.0+cu124,5.5.3,sdpa,ha_ng,merged,0.30,0,48,18.96,551,949,-1,9,enc,76.1330
NVIDIA GeForce RTX 3080 Ti,1,2.6.0+cu124,5.5.3,sdpa,ha_ng,merged,0.40,0,48,18.96,551,949,-1,0,enc,70.8536
NVIDIA GeForce RTX 3080 Ti,1,2.6.0+cu124,5.5.3,sdpa,ha_ng,merged,0.40,0,48,18.96,551,949,-1,1,enc,70.8257
NVIDIA GeForce RTX 3080 Ti,1,2.6.0+cu124,5.5.3,sdpa,ha_ng,merged,0.40,0,48,18.96,551,949,-1,2,enc,70.2996
NVIDIA GeForce RTX 3080 Ti,1,2.6.0+cu124,5.5.3,sdpa,ha_ng,merged,0.40,0,48,18.96,551,949,-1,3,enc,70.6918
NVIDIA GeForce RTX 3080 Ti,1,2.6.0+cu124,5.5.3,sdpa,ha_ng,merged,0.40,0,48,18.96,551,949,-1,4,enc,71.0407
NVIDIA GeForce RTX 3080 Ti,1,2.6.0+cu124,5.5.3,sdpa,ha_ng,merged,0.40,0,48,18.96,551,949,-1,5,enc,70.5966
NVIDIA GeForce RTX 3080 Ti,1,2.6.0+cu124,5.5.3,sdpa,ha_ng,merged,0.40,0,48,18.96,551,949,-1,6,enc,70.6662
NVIDIA GeForce RTX 3080 Ti,1,2.6.0+cu124,5.5.3,sdpa,ha_ng,merged,0.40,0,48,18.96,551,949,-1,7,enc,70.7741
NVIDIA GeForce RTX 3080 Ti,1,2.6.0+cu124,5.5.3,sdpa,ha_ng,merged,0.40,0,48,18.96,551,949,-1,8,enc,71.2673
NVIDIA GeForce RTX 3080 Ti,1,2.6.0+cu124,5.5.3,sdpa,ha_ng,merged,0.40,0,48,18.96,551,949,-1,9,enc,71.5028
NVIDIA GeForce RTX 3080 Ti,1,2.6.0+cu124,5.5.3,sdpa,ha_ng,baseline,0.00,1,54,14.70,764,736,-1,0,enc,90.9700
NVIDIA GeForce RTX 3080 Ti,1,2.6.0+cu124,5.5.3,sdpa,ha_ng,baseline,0.00,1,54,14.70,764,736,-1,1,enc,90.3699
NVIDIA GeForce RTX 3080 Ti,1,2.6.0+cu124,5.5.3,sdpa,ha_ng,baseline,0.00,1,54,14.70,764,736,-1,2,enc,90.0864
NVIDIA GeForce RTX 3080 Ti,1,2.6.0+cu124,5.5.3,sdpa,ha_ng,baseline,0.00,1,54,14.70,764,736,-1,3,enc,90.0250
NVIDIA GeForce RTX 3080 Ti,1,2.6.0+cu124,5.5.3,sdpa,ha_ng,baseline,0.00,1,54,14.70,764,736,-1,4,enc,89.8662
NVIDIA GeForce RTX 3080 Ti,1,2.6.0+cu124,5.5.3,sdpa,ha_ng,baseline,0.00,1,54,14.70,764,736,-1,5,enc,89.5027
NVIDIA GeForce RTX 3080 Ti,1,2.6.0+cu124,5.5.3,sdpa,ha_ng,baseline,0.00,1,54,14.70,764,736,-1,6,enc,89.7925
NVIDIA GeForce RTX 3080 Ti,1,2.6.0+cu124,5.5.3,sdpa,ha_ng,baseline,0.00,1,54,14.70,764,736,-1,7,enc,89.5693
NVIDIA GeForce RTX 3080 Ti,1,2.6.0+cu124,5.5.3,sdpa,ha_ng,baseline,0.00,1,54,14.70,764,736,-1,8,enc,90.0751
NVIDIA GeForce RTX 3080 Ti,1,2.6.0+cu124,5.5.3,sdpa,ha_ng,baseline,0.00,1,54,14.70,764,736,-1,9,enc,90.2687
NVIDIA GeForce RTX 3080 Ti,1,2.6.0+cu124,5.5.3,sdpa,ha_ng,merged,0.20,1,54,14.70,764,736,-1,0,enc,81.1803
NVIDIA GeForce RTX 3080 Ti,1,2.6.0+cu124,5.5.3,sdpa,ha_ng,merged,0.20,1,54,14.70,764,736,-1,1,enc,81.5688
NVIDIA GeForce RTX 3080 Ti,1,2.6.0+cu124,5.5.3,sdpa,ha_ng,merged,0.20,1,54,14.70,764,736,-1,2,enc,81.1590
NVIDIA GeForce RTX 3080 Ti,1,2.6.0+cu124,5.5.3,sdpa,ha_ng,merged,0.20,1,54,14.70,764,736,-1,3,enc,81.3085
NVIDIA GeForce RTX 3080 Ti,1,2.6.0+cu124,5.5.3,sdpa,ha_ng,merged,0.20,1,54,14.70,764,736,-1,4,enc,81.1739
NVIDIA GeForce RTX 3080 Ti,1,2.6.0+cu124,5.5.3,sdpa,ha_ng,merged,0.20,1,54,14.70,764,736,-1,5,enc,85.3392
NVIDIA GeForce RTX 3080 Ti,1,2.6.0+cu124,5.5.3,sdpa,ha_ng,merged,0.20,1,54,14.70,764,736,-1,6,enc,83.5461
NVIDIA GeForce RTX 3080 Ti,1,2.6.0+cu124,5.5.3,sdpa,ha_ng,merged,0.20,1,54,14.70,764,736,-1,7,enc,81.6937
NVIDIA GeForce RTX 3080 Ti,1,2.6.0+cu124,5.5.3,sdpa,ha_ng,merged,0.20,1,54,14.70,764,736,-1,8,enc,81.1827
NVIDIA GeForce RTX 3080 Ti,1,2.6.0+cu124,5.5.3,sdpa,ha_ng,merged,0.20,1,54,14.70,764,736,-1,9,enc,81.3116
NVIDIA GeForce RTX 3080 Ti,1,2.6.0+cu124,5.5.3,sdpa,ha_ng,merged,0.30,1,54,14.70,764,736,-1,0,enc,75.6222
NVIDIA GeForce RTX 3080 Ti,1,2.6.0+cu124,5.5.3,sdpa,ha_ng,merged,0.30,1,54,14.70,764,736,-1,1,enc,76.8820
NVIDIA GeForce RTX 3080 Ti,1,2.6.0+cu124,5.5.3,sdpa,ha_ng,merged,0.30,1,54,14.70,764,736,-1,2,enc,77.0120
NVIDIA GeForce RTX 3080 Ti,1,2.6.0+cu124,5.5.3,sdpa,ha_ng,merged,0.30,1,54,14.70,764,736,-1,3,enc,77.3468
NVIDIA GeForce RTX 3080 Ti,1,2.6.0+cu124,5.5.3,sdpa,ha_ng,merged,0.30,1,54,14.70,764,736,-1,4,enc,77.0982
NVIDIA GeForce RTX 3080 Ti,1,2.6.0+cu124,5.5.3,sdpa,ha_ng,merged,0.30,1,54,14.70,764,736,-1,5,enc,76.7497
NVIDIA GeForce RTX 3080 Ti,1,2.6.0+cu124,5.5.3,sdpa,ha_ng,merged,0.30,1,54,14.70,764,736,-1,6,enc,76.0156
NVIDIA GeForce RTX 3080 Ti,1,2.6.0+cu124,5.5.3,sdpa,ha_ng,merged,0.30,1,54,14.70,764,736,-1,7,enc,75.9931
NVIDIA GeForce RTX 3080 Ti,1,2.6.0+cu124,5.5.3,sdpa,ha_ng,merged,0.30,1,54,14.70,764,736,-1,8,enc,75.6726
NVIDIA GeForce RTX 3080 Ti,1,2.6.0+cu124,5.5.3,sdpa,ha_ng,merged,0.30,1,54,14.70,764,736,-1,9,enc,75.6582
NVIDIA GeForce RTX 3080 Ti,1,2.6.0+cu124,5.5.3,sdpa,ha_ng,merged,0.40,1,54,14.70,764,736,-1,0,enc,71.5958
NVIDIA GeForce RTX 3080 Ti,1,2.6.0+cu124,5.5.3,sdpa,ha_ng,merged,0.40,1,54,14.70,764,736,-1,1,enc,71.7977
NVIDIA GeForce RTX 3080 Ti,1,2.6.0+cu124,5.5.3,sdpa,ha_ng,merged,0.40,1,54,14.70,764,736,-1,2,enc,71.9706
NVIDIA GeForce RTX 3080 Ti,1,2.6.0+cu124,5.5.3,sdpa,ha_ng,merged,0.40,1,54,14.70,764,736,-1,3,enc,71.5428
NVIDIA GeForce RTX 3080 Ti,1,2.6.0+cu124,5.5.3,sdpa,ha_ng,merged,0.40,1,54,14.70,764,736,-1,4,enc,71.0461
NVIDIA GeForce RTX 3080 Ti,1,2.6.0+cu124,5.5.3,sdpa,ha_ng,merged,0.40,1,54,14.70,764,736,-1,5,enc,71.3411
NVIDIA GeForce RTX 3080 Ti,1,2.6.0+cu124,5.5.3,sdpa,ha_ng,merged,0.40,1,54,14.70,764,736,-1,6,enc,70.8901
NVIDIA GeForce RTX 3080 Ti,1,2.6.0+cu124,5.5.3,sdpa,ha_ng,merged,0.40,1,54,14.70,764,736,-1,7,enc,70.9969
NVIDIA GeForce RTX 3080 Ti,1,2.6.0+cu124,5.5.3,sdpa,ha_ng,merged,0.40,1,54,14.70,764,736,-1,8,enc,72.3405
NVIDIA GeForce RTX 3080 Ti,1,2.6.0+cu124,5.5.3,sdpa,ha_ng,merged,0.40,1,54,14.70,764,736,-1,9,enc,71.0482
NVIDIA GeForce RTX 3080 Ti,1,2.6.0+cu124,5.5.3,sdpa,ha_ng,baseline,0.00,2,56,19.08,545,955,-1,0,enc,90.5419
NVIDIA GeForce RTX 3080 Ti,1,2.6.0+cu124,5.5.3,sdpa,ha_ng,baseline,0.00,2,56,19.08,545,955,-1,1,enc,91.4596
NVIDIA GeForce RTX 3080 Ti,1,2.6.0+cu124,5.5.3,sdpa,ha_ng,baseline,0.00,2,56,19.08,545,955,-1,2,enc,91.0080
NVIDIA GeForce RTX 3080 Ti,1,2.6.0+cu124,5.5.3,sdpa,ha_ng,baseline,0.00,2,56,19.08,545,955,-1,3,enc,90.8871
NVIDIA GeForce RTX 3080 Ti,1,2.6.0+cu124,5.5.3,sdpa,ha_ng,baseline,0.00,2,56,19.08,545,955,-1,4,enc,90.6404
NVIDIA GeForce RTX 3080 Ti,1,2.6.0+cu124,5.5.3,sdpa,ha_ng,baseline,0.00,2,56,19.08,545,955,-1,5,enc,90.3083
NVIDIA GeForce RTX 3080 Ti,1,2.6.0+cu124,5.5.3,sdpa,ha_ng,baseline,0.00,2,56,19.08,545,955,-1,6,enc,90.2287
NVIDIA GeForce RTX 3080 Ti,1,2.6.0+cu124,5.5.3,sdpa,ha_ng,baseline,0.00,2,56,19.08,545,955,-1,7,enc,90.0853
NVIDIA GeForce RTX 3080 Ti,1,2.6.0+cu124,5.5.3,sdpa,ha_ng,baseline,0.00,2,56,19.08,545,955,-1,8,enc,90.3468
NVIDIA GeForce RTX 3080 Ti,1,2.6.0+cu124,5.5.3,sdpa,ha_ng,baseline,0.00,2,56,19.08,545,955,-1,9,enc,90.5196
NVIDIA GeForce RTX 3080 Ti,1,2.6.0+cu124,5.5.3,sdpa,ha_ng,merged,0.20,2,56,19.08,545,955,-1,0,enc,82.8567
NVIDIA GeForce RTX 3080 Ti,1,2.6.0+cu124,5.5.3,sdpa,ha_ng,merged,0.20,2,56,19.08,545,955,-1,1,enc,82.7597
NVIDIA GeForce RTX 3080 Ti,1,2.6.0+cu124,5.5.3,sdpa,ha_ng,merged,0.20,2,56,19.08,545,955,-1,2,enc,82.2567
NVIDIA GeForce RTX 3080 Ti,1,2.6.0+cu124,5.5.3,sdpa,ha_ng,merged,0.20,2,56,19.08,545,955,-1,3,enc,82.0357
NVIDIA GeForce RTX 3080 Ti,1,2.6.0+cu124,5.5.3,sdpa,ha_ng,merged,0.20,2,56,19.08,545,955,-1,4,enc,82.0777
NVIDIA GeForce RTX 3080 Ti,1,2.6.0+cu124,5.5.3,sdpa,ha_ng,merged,0.20,2,56,19.08,545,955,-1,5,enc,82.0746
NVIDIA GeForce RTX 3080 Ti,1,2.6.0+cu124,5.5.3,sdpa,ha_ng,merged,0.20,2,56,19.08,545,955,-1,6,enc,81.9958
NVIDIA GeForce RTX 3080 Ti,1,2.6.0+cu124,5.5.3,sdpa,ha_ng,merged,0.20,2,56,19.08,545,955,-1,7,enc,82.1656
NVIDIA GeForce RTX 3080 Ti,1,2.6.0+cu124,5.5.3,sdpa,ha_ng,merged,0.20,2,56,19.08,545,955,-1,8,enc,82.2702
NVIDIA GeForce RTX 3080 Ti,1,2.6.0+cu124,5.5.3,sdpa,ha_ng,merged,0.20,2,56,19.08,545,955,-1,9,enc,82.4832
NVIDIA GeForce RTX 3080 Ti,1,2.6.0+cu124,5.5.3,sdpa,ha_ng,merged,0.30,2,56,19.08,545,955,-1,0,enc,75.8866
NVIDIA GeForce RTX 3080 Ti,1,2.6.0+cu124,5.5.3,sdpa,ha_ng,merged,0.30,2,56,19.08,545,955,-1,1,enc,76.0269
NVIDIA GeForce RTX 3080 Ti,1,2.6.0+cu124,5.5.3,sdpa,ha_ng,merged,0.30,2,56,19.08,545,955,-1,2,enc,76.0463
NVIDIA GeForce RTX 3080 Ti,1,2.6.0+cu124,5.5.3,sdpa,ha_ng,merged,0.30,2,56,19.08,545,955,-1,3,enc,76.1057
NVIDIA GeForce RTX 3080 Ti,1,2.6.0+cu124,5.5.3,sdpa,ha_ng,merged,0.30,2,56,19.08,545,955,-1,4,enc,76.0973
NVIDIA GeForce RTX 3080 Ti,1,2.6.0+cu124,5.5.3,sdpa,ha_ng,merged,0.30,2,56,19.08,545,955,-1,5,enc,76.4546
NVIDIA GeForce RTX 3080 Ti,1,2.6.0+cu124,5.5.3,sdpa,ha_ng,merged,0.30,2,56,19.08,545,955,-1,6,enc,81.3395
NVIDIA GeForce RTX 3080 Ti,1,2.6.0+cu124,5.5.3,sdpa,ha_ng,merged,0.30,2,56,19.08,545,955,-1,7,enc,77.3540
NVIDIA GeForce RTX 3080 Ti,1,2.6.0+cu124,5.5.3,sdpa,ha_ng,merged,0.30,2,56,19.08,545,955,-1,8,enc,76.3105
NVIDIA GeForce RTX 3080 Ti,1,2.6.0+cu124,5.5.3,sdpa,ha_ng,merged,0.30,2,56,19.08,545,955,-1,9,enc,76.0914
NVIDIA GeForce RTX 3080 Ti,1,2.6.0+cu124,5.5.3,sdpa,ha_ng,merged,0.40,2,56,19.08,545,955,-1,0,enc,72.0968
NVIDIA GeForce RTX 3080 Ti,1,2.6.0+cu124,5.5.3,sdpa,ha_ng,merged,0.40,2,56,19.08,545,955,-1,1,enc,70.9077
NVIDIA GeForce RTX 3080 Ti,1,2.6.0+cu124,5.5.3,sdpa,ha_ng,merged,0.40,2,56,19.08,545,955,-1,2,enc,71.1834
NVIDIA GeForce RTX 3080 Ti,1,2.6.0+cu124,5.5.3,sdpa,ha_ng,merged,0.40,2,56,19.08,545,955,-1,3,enc,72.0054
NVIDIA GeForce RTX 3080 Ti,1,2.6.0+cu124,5.5.3,sdpa,ha_ng,merged,0.40,2,56,19.08,545,955,-1,4,enc,72.7397
NVIDIA GeForce RTX 3080 Ti,1,2.6.0+cu124,5.5.3,sdpa,ha_ng,merged,0.40,2,56,19.08,545,955,-1,5,enc,72.4777
NVIDIA GeForce RTX 3080 Ti,1,2.6.0+cu124,5.5.3,sdpa,ha_ng,merged,0.40,2,56,19.08,545,955,-1,6,enc,71.8899
NVIDIA GeForce RTX 3080 Ti,1,2.6.0+cu124,5.5.3,sdpa,ha_ng,merged,0.40,2,56,19.08,545,955,-1,7,enc,71.5564
NVIDIA GeForce RTX 3080 Ti,1,2.6.0+cu124,5.5.3,sdpa,ha_ng,merged,0.40,2,56,19.08,545,955,-1,8,enc,71.3714
NVIDIA GeForce RTX 3080 Ti,1,2.6.0+cu124,5.5.3,sdpa,ha_ng,merged,0.40,2,56,19.08,545,955,-1,9,enc,71.3144
NVIDIA GeForce RTX 3080 Ti,1,2.6.0+cu124,5.5.3,sdpa,ha_ng,baseline,0.00,3,58,14.40,779,721,-1,0,enc,90.5861
NVIDIA GeForce RTX 3080 Ti,1,2.6.0+cu124,5.5.3,sdpa,ha_ng,baseline,0.00,3,58,14.40,779,721,-1,1,enc,90.1980
NVIDIA GeForce RTX 3080 Ti,1,2.6.0+cu124,5.5.3,sdpa,ha_ng,baseline,0.00,3,58,14.40,779,721,-1,2,enc,91.2343
NVIDIA GeForce RTX 3080 Ti,1,2.6.0+cu124,5.5.3,sdpa,ha_ng,baseline,0.00,3,58,14.40,779,721,-1,3,enc,92.0890
NVIDIA GeForce RTX 3080 Ti,1,2.6.0+cu124,5.5.3,sdpa,ha_ng,baseline,0.00,3,58,14.40,779,721,-1,4,enc,91.2333
NVIDIA GeForce RTX 3080 Ti,1,2.6.0+cu124,5.5.3,sdpa,ha_ng,baseline,0.00,3,58,14.40,779,721,-1,5,enc,90.2646
NVIDIA GeForce RTX 3080 Ti,1,2.6.0+cu124,5.5.3,sdpa,ha_ng,baseline,0.00,3,58,14.40,779,721,-1,6,enc,90.3672
NVIDIA GeForce RTX 3080 Ti,1,2.6.0+cu124,5.5.3,sdpa,ha_ng,baseline,0.00,3,58,14.40,779,721,-1,7,enc,90.6043
NVIDIA GeForce RTX 3080 Ti,1,2.6.0+cu124,5.5.3,sdpa,ha_ng,baseline,0.00,3,58,14.40,779,721,-1,8,enc,90.5923
NVIDIA GeForce RTX 3080 Ti,1,2.6.0+cu124,5.5.3,sdpa,ha_ng,baseline,0.00,3,58,14.40,779,721,-1,9,enc,90.3987
NVIDIA GeForce RTX 3080 Ti,1,2.6.0+cu124,5.5.3,sdpa,ha_ng,merged,0.20,3,58,14.40,779,721,-1,0,enc,83.0751
NVIDIA GeForce RTX 3080 Ti,1,2.6.0+cu124,5.5.3,sdpa,ha_ng,merged,0.20,3,58,14.40,779,721,-1,1,enc,82.8262
NVIDIA GeForce RTX 3080 Ti,1,2.6.0+cu124,5.5.3,sdpa,ha_ng,merged,0.20,3,58,14.40,779,721,-1,2,enc,82.5252
NVIDIA GeForce RTX 3080 Ti,1,2.6.0+cu124,5.5.3,sdpa,ha_ng,merged,0.20,3,58,14.40,779,721,-1,3,enc,82.3357
NVIDIA GeForce RTX 3080 Ti,1,2.6.0+cu124,5.5.3,sdpa,ha_ng,merged,0.20,3,58,14.40,779,721,-1,4,enc,82.4984
NVIDIA GeForce RTX 3080 Ti,1,2.6.0+cu124,5.5.3,sdpa,ha_ng,merged,0.20,3,58,14.40,779,721,-1,5,enc,82.0548
NVIDIA GeForce RTX 3080 Ti,1,2.6.0+cu124,5.5.3,sdpa,ha_ng,merged,0.20,3,58,14.40,779,721,-1,6,enc,82.2958
NVIDIA GeForce RTX 3080 Ti,1,2.6.0+cu124,5.5.3,sdpa,ha_ng,merged,0.20,3,58,14.40,779,721,-1,7,enc,82.6655
NVIDIA GeForce RTX 3080 Ti,1,2.6.0+cu124,5.5.3,sdpa,ha_ng,merged,0.20,3,58,14.40,779,721,-1,8,enc,82.3914
NVIDIA GeForce RTX 3080 Ti,1,2.6.0+cu124,5.5.3,sdpa,ha_ng,merged,0.20,3,58,14.40,779,721,-1,9,enc,82.4645
NVIDIA GeForce RTX 3080 Ti,1,2.6.0+cu124,5.5.3,sdpa,ha_ng,merged,0.30,3,58,14.40,779,721,-1,0,enc,76.9014
NVIDIA GeForce RTX 3080 Ti,1,2.6.0+cu124,5.5.3,sdpa,ha_ng,merged,0.30,3,58,14.40,779,721,-1,1,enc,77.2056
NVIDIA GeForce RTX 3080 Ti,1,2.6.0+cu124,5.5.3,sdpa,ha_ng,merged,0.30,3,58,14.40,779,721,-1,2,enc,76.7661
NVIDIA GeForce RTX 3080 Ti,1,2.6.0+cu124,5.5.3,sdpa,ha_ng,merged,0.30,3,58,14.40,779,721,-1,3,enc,77.3253
NVIDIA GeForce RTX 3080 Ti,1,2.6.0+cu124,5.5.3,sdpa,ha_ng,merged,0.30,3,58,14.40,779,721,-1,4,enc,76.6198
NVIDIA GeForce RTX 3080 Ti,1,2.6.0+cu124,5.5.3,sdpa,ha_ng,merged,0.30,3,58,14.40,779,721,-1,5,enc,76.7302
NVIDIA GeForce RTX 3080 Ti,1,2.6.0+cu124,5.5.3,sdpa,ha_ng,merged,0.30,3,58,14.40,779,721,-1,6,enc,77.0437
NVIDIA GeForce RTX 3080 Ti,1,2.6.0+cu124,5.5.3,sdpa,ha_ng,merged,0.30,3,58,14.40,779,721,-1,7,enc,76.9505
NVIDIA GeForce RTX 3080 Ti,1,2.6.0+cu124,5.5.3,sdpa,ha_ng,merged,0.30,3,58,14.40,779,721,-1,8,enc,76.6893
NVIDIA GeForce RTX 3080 Ti,1,2.6.0+cu124,5.5.3,sdpa,ha_ng,merged,0.30,3,58,14.40,779,721,-1,9,enc,76.9094
NVIDIA GeForce RTX 3080 Ti,1,2.6.0+cu124,5.5.3,sdpa,ha_ng,merged,0.40,3,58,14.40,779,721,-1,0,enc,71.2611
NVIDIA GeForce RTX 3080 Ti,1,2.6.0+cu124,5.5.3,sdpa,ha_ng,merged,0.40,3,58,14.40,779,721,-1,1,enc,71.3299
NVIDIA GeForce RTX 3080 Ti,1,2.6.0+cu124,5.5.3,sdpa,ha_ng,merged,0.40,3,58,14.40,779,721,-1,2,enc,71.3452
NVIDIA GeForce RTX 3080 Ti,1,2.6.0+cu124,5.5.3,sdpa,ha_ng,merged,0.40,3,58,14.40,779,721,-1,3,enc,71.2827
NVIDIA GeForce RTX 3080 Ti,1,2.6.0+cu124,5.5.3,sdpa,ha_ng,merged,0.40,3,58,14.40,779,721,-1,4,enc,71.2908
NVIDIA GeForce RTX 3080 Ti,1,2.6.0+cu124,5.5.3,sdpa,ha_ng,merged,0.40,3,58,14.40,779,721,-1,5,enc,71.2847
NVIDIA GeForce RTX 3080 Ti,1,2.6.0+cu124,5.5.3,sdpa,ha_ng,merged,0.40,3,58,14.40,779,721,-1,6,enc,71.6831
NVIDIA GeForce RTX 3080 Ti,1,2.6.0+cu124,5.5.3,sdpa,ha_ng,merged,0.40,3,58,14.40,779,721,-1,7,enc,74.9873
NVIDIA GeForce RTX 3080 Ti,1,2.6.0+cu124,5.5.3,sdpa,ha_ng,merged,0.40,3,58,14.40,779,721,-1,8,enc,72.0974
NVIDIA GeForce RTX 3080 Ti,1,2.6.0+cu124,5.5.3,sdpa,ha_ng,merged,0.40,3,58,14.40,779,721,-1,9,enc,71.9954
NVIDIA GeForce RTX 3080 Ti,1,2.6.0+cu124,5.5.3,sdpa,ha_ng,baseline,0.00,4,60,10.56,972,528,-1,0,enc,90.0680
NVIDIA GeForce RTX 3080 Ti,1,2.6.0+cu124,5.5.3,sdpa,ha_ng,baseline,0.00,4,60,10.56,972,528,-1,1,enc,90.0278
NVIDIA GeForce RTX 3080 Ti,1,2.6.0+cu124,5.5.3,sdpa,ha_ng,baseline,0.00,4,60,10.56,972,528,-1,2,enc,90.3395
NVIDIA GeForce RTX 3080 Ti,1,2.6.0+cu124,5.5.3,sdpa,ha_ng,baseline,0.00,4,60,10.56,972,528,-1,3,enc,90.2799
NVIDIA GeForce RTX 3080 Ti,1,2.6.0+cu124,5.5.3,sdpa,ha_ng,baseline,0.00,4,60,10.56,972,528,-1,4,enc,98.4261
NVIDIA GeForce RTX 3080 Ti,1,2.6.0+cu124,5.5.3,sdpa,ha_ng,baseline,0.00,4,60,10.56,972,528,-1,5,enc,92.7959
NVIDIA GeForce RTX 3080 Ti,1,2.6.0+cu124,5.5.3,sdpa,ha_ng,baseline,0.00,4,60,10.56,972,528,-1,6,enc,90.4120
NVIDIA GeForce RTX 3080 Ti,1,2.6.0+cu124,5.5.3,sdpa,ha_ng,baseline,0.00,4,60,10.56,972,528,-1,7,enc,90.1765
NVIDIA GeForce RTX 3080 Ti,1,2.6.0+cu124,5.5.3,sdpa,ha_ng,baseline,0.00,4,60,10.56,972,528,-1,8,enc,89.9379
NVIDIA GeForce RTX 3080 Ti,1,2.6.0+cu124,5.5.3,sdpa,ha_ng,baseline,0.00,4,60,10.56,972,528,-1,9,enc,89.9963
NVIDIA GeForce RTX 3080 Ti,1,2.6.0+cu124,5.5.3,sdpa,ha_ng,merged,0.20,4,60,10.56,972,528,-1,0,enc,84.4931
NVIDIA GeForce RTX 3080 Ti,1,2.6.0+cu124,5.5.3,sdpa,ha_ng,merged,0.20,4,60,10.56,972,528,-1,1,enc,84.0724
NVIDIA GeForce RTX 3080 Ti,1,2.6.0+cu124,5.5.3,sdpa,ha_ng,merged,0.20,4,60,10.56,972,528,-1,2,enc,83.3174
NVIDIA GeForce RTX 3080 Ti,1,2.6.0+cu124,5.5.3,sdpa,ha_ng,merged,0.20,4,60,10.56,972,528,-1,3,enc,82.5754
NVIDIA GeForce RTX 3080 Ti,1,2.6.0+cu124,5.5.3,sdpa,ha_ng,merged,0.20,4,60,10.56,972,528,-1,4,enc,82.0426
NVIDIA GeForce RTX 3080 Ti,1,2.6.0+cu124,5.5.3,sdpa,ha_ng,merged,0.20,4,60,10.56,972,528,-1,5,enc,87.3111
NVIDIA GeForce RTX 3080 Ti,1,2.6.0+cu124,5.5.3,sdpa,ha_ng,merged,0.20,4,60,10.56,972,528,-1,6,enc,86.4457
NVIDIA GeForce RTX 3080 Ti,1,2.6.0+cu124,5.5.3,sdpa,ha_ng,merged,0.20,4,60,10.56,972,528,-1,7,enc,88.1020
NVIDIA GeForce RTX 3080 Ti,1,2.6.0+cu124,5.5.3,sdpa,ha_ng,merged,0.20,4,60,10.56,972,528,-1,8,enc,87.5858
NVIDIA GeForce RTX 3080 Ti,1,2.6.0+cu124,5.5.3,sdpa,ha_ng,merged,0.20,4,60,10.56,972,528,-1,9,enc,87.4986
NVIDIA GeForce RTX 3080 Ti,1,2.6.0+cu124,5.5.3,sdpa,ha_ng,merged,0.30,4,60,10.56,972,528,-1,0,enc,77.3292
NVIDIA GeForce RTX 3080 Ti,1,2.6.0+cu124,5.5.3,sdpa,ha_ng,merged,0.30,4,60,10.56,972,528,-1,1,enc,77.5734
NVIDIA GeForce RTX 3080 Ti,1,2.6.0+cu124,5.5.3,sdpa,ha_ng,merged,0.30,4,60,10.56,972,528,-1,2,enc,76.9157
NVIDIA GeForce RTX 3080 Ti,1,2.6.0+cu124,5.5.3,sdpa,ha_ng,merged,0.30,4,60,10.56,972,528,-1,3,enc,76.6740
NVIDIA GeForce RTX 3080 Ti,1,2.6.0+cu124,5.5.3,sdpa,ha_ng,merged,0.30,4,60,10.56,972,528,-1,4,enc,76.8451
NVIDIA GeForce RTX 3080 Ti,1,2.6.0+cu124,5.5.3,sdpa,ha_ng,merged,0.30,4,60,10.56,972,528,-1,5,enc,76.8703
NVIDIA GeForce RTX 3080 Ti,1,2.6.0+cu124,5.5.3,sdpa,ha_ng,merged,0.30,4,60,10.56,972,528,-1,6,enc,76.6737
NVIDIA GeForce RTX 3080 Ti,1,2.6.0+cu124,5.5.3,sdpa,ha_ng,merged,0.30,4,60,10.56,972,528,-1,7,enc,76.7386
NVIDIA GeForce RTX 3080 Ti,1,2.6.0+cu124,5.5.3,sdpa,ha_ng,merged,0.30,4,60,10.56,972,528,-1,8,enc,76.6931
NVIDIA GeForce RTX 3080 Ti,1,2.6.0+cu124,5.5.3,sdpa,ha_ng,merged,0.30,4,60,10.56,972,528,-1,9,enc,77.6888
NVIDIA GeForce RTX 3080 Ti,1,2.6.0+cu124,5.5.3,sdpa,ha_ng,merged,0.40,4,60,10.56,972,528,-1,0,enc,71.8408
NVIDIA GeForce RTX 3080 Ti,1,2.6.0+cu124,5.5.3,sdpa,ha_ng,merged,0.40,4,60,10.56,972,528,-1,1,enc,72.1091
NVIDIA GeForce RTX 3080 Ti,1,2.6.0+cu124,5.5.3,sdpa,ha_ng,merged,0.40,4,60,10.56,972,528,-1,2,enc,72.2739
NVIDIA GeForce RTX 3080 Ti,1,2.6.0+cu124,5.5.3,sdpa,ha_ng,merged,0.40,4,60,10.56,972,528,-1,3,enc,72.2596
NVIDIA GeForce RTX 3080 Ti,1,2.6.0+cu124,5.5.3,sdpa,ha_ng,merged,0.40,4,60,10.56,972,528,-1,4,enc,72.1654
NVIDIA GeForce RTX 3080 Ti,1,2.6.0+cu124,5.5.3,sdpa,ha_ng,merged,0.40,4,60,10.56,972,528,-1,5,enc,71.4453
NVIDIA GeForce RTX 3080 Ti,1,2.6.0+cu124,5.5.3,sdpa,ha_ng,merged,0.40,4,60,10.56,972,528,-1,6,enc,71.6237
NVIDIA GeForce RTX 3080 Ti,1,2.6.0+cu124,5.5.3,sdpa,ha_ng,merged,0.40,4,60,10.56,972,528,-1,7,enc,72.2255
NVIDIA GeForce RTX 3080 Ti,1,2.6.0+cu124,5.5.3,sdpa,ha_ng,merged,0.40,4,60,10.56,972,528,-1,8,enc,72.3886
NVIDIA GeForce RTX 3080 Ti,1,2.6.0+cu124,5.5.3,sdpa,ha_ng,merged,0.40,4,60,10.56,972,528,-1,9,enc,71.9759
NVIDIA GeForce RTX 3080 Ti,1,2.6.0+cu124,5.5.3,sdpa,ha_ng,baseline,0.00,5,62,16.80,659,841,-1,0,enc,91.6856
NVIDIA GeForce RTX 3080 Ti,1,2.6.0+cu124,5.5.3,sdpa,ha_ng,baseline,0.00,5,62,16.80,659,841,-1,1,enc,91.1339
NVIDIA GeForce RTX 3080 Ti,1,2.6.0+cu124,5.5.3,sdpa,ha_ng,baseline,0.00,5,62,16.80,659,841,-1,2,enc,91.2701
NVIDIA GeForce RTX 3080 Ti,1,2.6.0+cu124,5.5.3,sdpa,ha_ng,baseline,0.00,5,62,16.80,659,841,-1,3,enc,90.9503
NVIDIA GeForce RTX 3080 Ti,1,2.6.0+cu124,5.5.3,sdpa,ha_ng,baseline,0.00,5,62,16.80,659,841,-1,4,enc,90.5318
NVIDIA GeForce RTX 3080 Ti,1,2.6.0+cu124,5.5.3,sdpa,ha_ng,baseline,0.00,5,62,16.80,659,841,-1,5,enc,90.9097
NVIDIA GeForce RTX 3080 Ti,1,2.6.0+cu124,5.5.3,sdpa,ha_ng,baseline,0.00,5,62,16.80,659,841,-1,6,enc,91.3162
NVIDIA GeForce RTX 3080 Ti,1,2.6.0+cu124,5.5.3,sdpa,ha_ng,baseline,0.00,5,62,16.80,659,841,-1,7,enc,91.7318
NVIDIA GeForce RTX 3080 Ti,1,2.6.0+cu124,5.5.3,sdpa,ha_ng,baseline,0.00,5,62,16.80,659,841,-1,8,enc,92.0648
NVIDIA GeForce RTX 3080 Ti,1,2.6.0+cu124,5.5.3,sdpa,ha_ng,baseline,0.00,5,62,16.80,659,841,-1,9,enc,92.2488
NVIDIA GeForce RTX 3080 Ti,1,2.6.0+cu124,5.5.3,sdpa,ha_ng,merged,0.20,5,62,16.80,659,841,-1,0,enc,82.3859
NVIDIA GeForce RTX 3080 Ti,1,2.6.0+cu124,5.5.3,sdpa,ha_ng,merged,0.20,5,62,16.80,659,841,-1,1,enc,83.0136
NVIDIA GeForce RTX 3080 Ti,1,2.6.0+cu124,5.5.3,sdpa,ha_ng,merged,0.20,5,62,16.80,659,841,-1,2,enc,82.2804
NVIDIA GeForce RTX 3080 Ti,1,2.6.0+cu124,5.5.3,sdpa,ha_ng,merged,0.20,5,62,16.80,659,841,-1,3,enc,82.1553
NVIDIA GeForce RTX 3080 Ti,1,2.6.0+cu124,5.5.3,sdpa,ha_ng,merged,0.20,5,62,16.80,659,841,-1,4,enc,82.0867
NVIDIA GeForce RTX 3080 Ti,1,2.6.0+cu124,5.5.3,sdpa,ha_ng,merged,0.20,5,62,16.80,659,841,-1,5,enc,90.5779
NVIDIA GeForce RTX 3080 Ti,1,2.6.0+cu124,5.5.3,sdpa,ha_ng,merged,0.20,5,62,16.80,659,841,-1,6,enc,84.7462
NVIDIA GeForce RTX 3080 Ti,1,2.6.0+cu124,5.5.3,sdpa,ha_ng,merged,0.20,5,62,16.80,659,841,-1,7,enc,82.3931
NVIDIA GeForce RTX 3080 Ti,1,2.6.0+cu124,5.5.3,sdpa,ha_ng,merged,0.20,5,62,16.80,659,841,-1,8,enc,82.1051
NVIDIA GeForce RTX 3080 Ti,1,2.6.0+cu124,5.5.3,sdpa,ha_ng,merged,0.20,5,62,16.80,659,841,-1,9,enc,82.4132
NVIDIA GeForce RTX 3080 Ti,1,2.6.0+cu124,5.5.3,sdpa,ha_ng,merged,0.30,5,62,16.80,659,841,-1,0,enc,76.6820
NVIDIA GeForce RTX 3080 Ti,1,2.6.0+cu124,5.5.3,sdpa,ha_ng,merged,0.30,5,62,16.80,659,841,-1,1,enc,77.2209
NVIDIA GeForce RTX 3080 Ti,1,2.6.0+cu124,5.5.3,sdpa,ha_ng,merged,0.30,5,62,16.80,659,841,-1,2,enc,78.9155
NVIDIA GeForce RTX 3080 Ti,1,2.6.0+cu124,5.5.3,sdpa,ha_ng,merged,0.30,5,62,16.80,659,841,-1,3,enc,78.6360
NVIDIA GeForce RTX 3080 Ti,1,2.6.0+cu124,5.5.3,sdpa,ha_ng,merged,0.30,5,62,16.80,659,841,-1,4,enc,77.7779
NVIDIA GeForce RTX 3080 Ti,1,2.6.0+cu124,5.5.3,sdpa,ha_ng,merged,0.30,5,62,16.80,659,841,-1,5,enc,77.5024
NVIDIA GeForce RTX 3080 Ti,1,2.6.0+cu124,5.5.3,sdpa,ha_ng,merged,0.30,5,62,16.80,659,841,-1,6,enc,76.7611
NVIDIA GeForce RTX 3080 Ti,1,2.6.0+cu124,5.5.3,sdpa,ha_ng,merged,0.30,5,62,16.80,659,841,-1,7,enc,77.3007
NVIDIA GeForce RTX 3080 Ti,1,2.6.0+cu124,5.5.3,sdpa,ha_ng,merged,0.30,5,62,16.80,659,841,-1,8,enc,76.7713
NVIDIA GeForce RTX 3080 Ti,1,2.6.0+cu124,5.5.3,sdpa,ha_ng,merged,0.30,5,62,16.80,659,841,-1,9,enc,76.6525
NVIDIA GeForce RTX 3080 Ti,1,2.6.0+cu124,5.5.3,sdpa,ha_ng,merged,0.40,5,62,16.80,659,841,-1,0,enc,73.5089
NVIDIA GeForce RTX 3080 Ti,1,2.6.0+cu124,5.5.3,sdpa,ha_ng,merged,0.40,5,62,16.80,659,841,-1,1,enc,72.9058
NVIDIA GeForce RTX 3080 Ti,1,2.6.0+cu124,5.5.3,sdpa,ha_ng,merged,0.40,5,62,16.80,659,841,-1,2,enc,72.5115
NVIDIA GeForce RTX 3080 Ti,1,2.6.0+cu124,5.5.3,sdpa,ha_ng,merged,0.40,5,62,16.80,659,841,-1,3,enc,72.3514
NVIDIA GeForce RTX 3080 Ti,1,2.6.0+cu124,5.5.3,sdpa,ha_ng,merged,0.40,5,62,16.80,659,841,-1,4,enc,71.9067
NVIDIA GeForce RTX 3080 Ti,1,2.6.0+cu124,5.5.3,sdpa,ha_ng,merged,0.40,5,62,16.80,659,841,-1,5,enc,72.0454
NVIDIA GeForce RTX 3080 Ti,1,2.6.0+cu124,5.5.3,sdpa,ha_ng,merged,0.40,5,62,16.80,659,841,-1,6,enc,71.8711
NVIDIA GeForce RTX 3080 Ti,1,2.6.0+cu124,5.5.3,sdpa,ha_ng,merged,0.40,5,62,16.80,659,841,-1,7,enc,71.8834
NVIDIA GeForce RTX 3080 Ti,1,2.6.0+cu124,5.5.3,sdpa,ha_ng,merged,0.40,5,62,16.80,659,841,-1,8,enc,71.8261
NVIDIA GeForce RTX 3080 Ti,1,2.6.0+cu124,5.5.3,sdpa,ha_ng,merged,0.40,5,62,16.80,659,841,-1,9,enc,71.7445
NVIDIA GeForce RTX 3080 Ti,1,2.6.0+cu124,5.5.3,sdpa,ha_ng,baseline,0.00,6,64,11.88,905,595,-1,0,enc,93.0509
NVIDIA GeForce RTX 3080 Ti,1,2.6.0+cu124,5.5.3,sdpa,ha_ng,baseline,0.00,6,64,11.88,905,595,-1,1,enc,92.8317
NVIDIA GeForce RTX 3080 Ti,1,2.6.0+cu124,5.5.3,sdpa,ha_ng,baseline,0.00,6,64,11.88,905,595,-1,2,enc,92.3208
NVIDIA GeForce RTX 3080 Ti,1,2.6.0+cu124,5.5.3,sdpa,ha_ng,baseline,0.00,6,64,11.88,905,595,-1,3,enc,92.1825
NVIDIA GeForce RTX 3080 Ti,1,2.6.0+cu124,5.5.3,sdpa,ha_ng,baseline,0.00,6,64,11.88,905,595,-1,4,enc,91.5981
NVIDIA GeForce RTX 3080 Ti,1,2.6.0+cu124,5.5.3,sdpa,ha_ng,baseline,0.00,6,64,11.88,905,595,-1,5,enc,91.3224
NVIDIA GeForce RTX 3080 Ti,1,2.6.0+cu124,5.5.3,sdpa,ha_ng,baseline,0.00,6,64,11.88,905,595,-1,6,enc,91.1585
NVIDIA GeForce RTX 3080 Ti,1,2.6.0+cu124,5.5.3,sdpa,ha_ng,baseline,0.00,6,64,11.88,905,595,-1,7,enc,91.6018
NVIDIA GeForce RTX 3080 Ti,1,2.6.0+cu124,5.5.3,sdpa,ha_ng,baseline,0.00,6,64,11.88,905,595,-1,8,enc,91.7686
NVIDIA GeForce RTX 3080 Ti,1,2.6.0+cu124,5.5.3,sdpa,ha_ng,baseline,0.00,6,64,11.88,905,595,-1,9,enc,91.3340
NVIDIA GeForce RTX 3080 Ti,1,2.6.0+cu124,5.5.3,sdpa,ha_ng,merged,0.20,6,64,11.88,905,595,-1,0,enc,83.2205
NVIDIA GeForce RTX 3080 Ti,1,2.6.0+cu124,5.5.3,sdpa,ha_ng,merged,0.20,6,64,11.88,905,595,-1,1,enc,83.1302
NVIDIA GeForce RTX 3080 Ti,1,2.6.0+cu124,5.5.3,sdpa,ha_ng,merged,0.20,6,64,11.88,905,595,-1,2,enc,82.9112
NVIDIA GeForce RTX 3080 Ti,1,2.6.0+cu124,5.5.3,sdpa,ha_ng,merged,0.20,6,64,11.88,905,595,-1,3,enc,82.9030
NVIDIA GeForce RTX 3080 Ti,1,2.6.0+cu124,5.5.3,sdpa,ha_ng,merged,0.20,6,64,11.88,905,595,-1,4,enc,83.9608
NVIDIA GeForce RTX 3080 Ti,1,2.6.0+cu124,5.5.3,sdpa,ha_ng,merged,0.20,6,64,11.88,905,595,-1,5,enc,83.0022
NVIDIA GeForce RTX 3080 Ti,1,2.6.0+cu124,5.5.3,sdpa,ha_ng,merged,0.20,6,64,11.88,905,595,-1,6,enc,83.4837
NVIDIA GeForce RTX 3080 Ti,1,2.6.0+cu124,5.5.3,sdpa,ha_ng,merged,0.20,6,64,11.88,905,595,-1,7,enc,83.7908
NVIDIA GeForce RTX 3080 Ti,1,2.6.0+cu124,5.5.3,sdpa,ha_ng,merged,0.20,6,64,11.88,905,595,-1,8,enc,83.6792
NVIDIA GeForce RTX 3080 Ti,1,2.6.0+cu124,5.5.3,sdpa,ha_ng,merged,0.20,6,64,11.88,905,595,-1,9,enc,84.2434
NVIDIA GeForce RTX 3080 Ti,1,2.6.0+cu124,5.5.3,sdpa,ha_ng,merged,0.30,6,64,11.88,905,595,-1,0,enc,77.3312
NVIDIA GeForce RTX 3080 Ti,1,2.6.0+cu124,5.5.3,sdpa,ha_ng,merged,0.30,6,64,11.88,905,595,-1,1,enc,77.4922
NVIDIA GeForce RTX 3080 Ti,1,2.6.0+cu124,5.5.3,sdpa,ha_ng,merged,0.30,6,64,11.88,905,595,-1,2,enc,77.1468
NVIDIA GeForce RTX 3080 Ti,1,2.6.0+cu124,5.5.3,sdpa,ha_ng,merged,0.30,6,64,11.88,905,595,-1,3,enc,77.4141
NVIDIA GeForce RTX 3080 Ti,1,2.6.0+cu124,5.5.3,sdpa,ha_ng,merged,0.30,6,64,11.88,905,595,-1,4,enc,77.3417
NVIDIA GeForce RTX 3080 Ti,1,2.6.0+cu124,5.5.3,sdpa,ha_ng,merged,0.30,6,64,11.88,905,595,-1,5,enc,77.8922
NVIDIA GeForce RTX 3080 Ti,1,2.6.0+cu124,5.5.3,sdpa,ha_ng,merged,0.30,6,64,11.88,905,595,-1,6,enc,85.5112
NVIDIA GeForce RTX 3080 Ti,1,2.6.0+cu124,5.5.3,sdpa,ha_ng,merged,0.30,6,64,11.88,905,595,-1,7,enc,77.7953
NVIDIA GeForce RTX 3080 Ti,1,2.6.0+cu124,5.5.3,sdpa,ha_ng,merged,0.30,6,64,11.88,905,595,-1,8,enc,77.4690
NVIDIA GeForce RTX 3080 Ti,1,2.6.0+cu124,5.5.3,sdpa,ha_ng,merged,0.30,6,64,11.88,905,595,-1,9,enc,77.1820
NVIDIA GeForce RTX 3080 Ti,1,2.6.0+cu124,5.5.3,sdpa,ha_ng,merged,0.40,6,64,11.88,905,595,-1,0,enc,72.0118
NVIDIA GeForce RTX 3080 Ti,1,2.6.0+cu124,5.5.3,sdpa,ha_ng,merged,0.40,6,64,11.88,905,595,-1,1,enc,72.3804
NVIDIA GeForce RTX 3080 Ti,1,2.6.0+cu124,5.5.3,sdpa,ha_ng,merged,0.40,6,64,11.88,905,595,-1,2,enc,72.1162
NVIDIA GeForce RTX 3080 Ti,1,2.6.0+cu124,5.5.3,sdpa,ha_ng,merged,0.40,6,64,11.88,905,595,-1,3,enc,73.5826
NVIDIA GeForce RTX 3080 Ti,1,2.6.0+cu124,5.5.3,sdpa,ha_ng,merged,0.40,6,64,11.88,905,595,-1,4,enc,73.6973
NVIDIA GeForce RTX 3080 Ti,1,2.6.0+cu124,5.5.3,sdpa,ha_ng,merged,0.40,6,64,11.88,905,595,-1,5,enc,72.7224
NVIDIA GeForce RTX 3080 Ti,1,2.6.0+cu124,5.5.3,sdpa,ha_ng,merged,0.40,6,64,11.88,905,595,-1,6,enc,72.5105
NVIDIA GeForce RTX 3080 Ti,1,2.6.0+cu124,5.5.3,sdpa,ha_ng,merged,0.40,6,64,11.88,905,595,-1,7,enc,72.4671
NVIDIA GeForce RTX 3080 Ti,1,2.6.0+cu124,5.5.3,sdpa,ha_ng,merged,0.40,6,64,11.88,905,595,-1,8,enc,71.9002
NVIDIA GeForce RTX 3080 Ti,1,2.6.0+cu124,5.5.3,sdpa,ha_ng,merged,0.40,6,64,11.88,905,595,-1,9,enc,71.9343
NVIDIA GeForce RTX 3080 Ti,1,2.6.0+cu124,5.5.3,sdpa,ha_ng,baseline,0.00,7,64,11.82,908,592,-1,0,enc,91.1493
NVIDIA GeForce RTX 3080 Ti,1,2.6.0+cu124,5.5.3,sdpa,ha_ng,baseline,0.00,7,64,11.82,908,592,-1,1,enc,91.3224
NVIDIA GeForce RTX 3080 Ti,1,2.6.0+cu124,5.5.3,sdpa,ha_ng,baseline,0.00,7,64,11.82,908,592,-1,2,enc,93.1224
NVIDIA GeForce RTX 3080 Ti,1,2.6.0+cu124,5.5.3,sdpa,ha_ng,baseline,0.00,7,64,11.82,908,592,-1,3,enc,95.1951
NVIDIA GeForce RTX 3080 Ti,1,2.6.0+cu124,5.5.3,sdpa,ha_ng,baseline,0.00,7,64,11.82,908,592,-1,4,enc,93.4400
NVIDIA GeForce RTX 3080 Ti,1,2.6.0+cu124,5.5.3,sdpa,ha_ng,baseline,0.00,7,64,11.82,908,592,-1,5,enc,91.8139
NVIDIA GeForce RTX 3080 Ti,1,2.6.0+cu124,5.5.3,sdpa,ha_ng,baseline,0.00,7,64,11.82,908,592,-1,6,enc,91.6541
NVIDIA GeForce RTX 3080 Ti,1,2.6.0+cu124,5.5.3,sdpa,ha_ng,baseline,0.00,7,64,11.82,908,592,-1,7,enc,91.4905
NVIDIA GeForce RTX 3080 Ti,1,2.6.0+cu124,5.5.3,sdpa,ha_ng,baseline,0.00,7,64,11.82,908,592,-1,8,enc,91.4760
NVIDIA GeForce RTX 3080 Ti,1,2.6.0+cu124,5.5.3,sdpa,ha_ng,baseline,0.00,7,64,11.82,908,592,-1,9,enc,91.6890
NVIDIA GeForce RTX 3080 Ti,1,2.6.0+cu124,5.5.3,sdpa,ha_ng,merged,0.20,7,64,11.82,908,592,-1,0,enc,84.6244
NVIDIA GeForce RTX 3080 Ti,1,2.6.0+cu124,5.5.3,sdpa,ha_ng,merged,0.20,7,64,11.82,908,592,-1,1,enc,83.5349
NVIDIA GeForce RTX 3080 Ti,1,2.6.0+cu124,5.5.3,sdpa,ha_ng,merged,0.20,7,64,11.82,908,592,-1,2,enc,83.7988
NVIDIA GeForce RTX 3080 Ti,1,2.6.0+cu124,5.5.3,sdpa,ha_ng,merged,0.20,7,64,11.82,908,592,-1,3,enc,83.3137
NVIDIA GeForce RTX 3080 Ti,1,2.6.0+cu124,5.5.3,sdpa,ha_ng,merged,0.20,7,64,11.82,908,592,-1,4,enc,83.5983
NVIDIA GeForce RTX 3080 Ti,1,2.6.0+cu124,5.5.3,sdpa,ha_ng,merged,0.20,7,64,11.82,908,592,-1,5,enc,83.4171
NVIDIA GeForce RTX 3080 Ti,1,2.6.0+cu124,5.5.3,sdpa,ha_ng,merged,0.20,7,64,11.82,908,592,-1,6,enc,82.9972
NVIDIA GeForce RTX 3080 Ti,1,2.6.0+cu124,5.5.3,sdpa,ha_ng,merged,0.20,7,64,11.82,908,592,-1,7,enc,83.1181
NVIDIA GeForce RTX 3080 Ti,1,2.6.0+cu124,5.5.3,sdpa,ha_ng,merged,0.20,7,64,11.82,908,592,-1,8,enc,83.4191
NVIDIA GeForce RTX 3080 Ti,1,2.6.0+cu124,5.5.3,sdpa,ha_ng,merged,0.20,7,64,11.82,908,592,-1,9,enc,83.6432
NVIDIA GeForce RTX 3080 Ti,1,2.6.0+cu124,5.5.3,sdpa,ha_ng,merged,0.30,7,64,11.82,908,592,-1,0,enc,78.1107
NVIDIA GeForce RTX 3080 Ti,1,2.6.0+cu124,5.5.3,sdpa,ha_ng,merged,0.30,7,64,11.82,908,592,-1,1,enc,77.8803
NVIDIA GeForce RTX 3080 Ti,1,2.6.0+cu124,5.5.3,sdpa,ha_ng,merged,0.30,7,64,11.82,908,592,-1,2,enc,77.7961
NVIDIA GeForce RTX 3080 Ti,1,2.6.0+cu124,5.5.3,sdpa,ha_ng,merged,0.30,7,64,11.82,908,592,-1,3,enc,77.4366
NVIDIA GeForce RTX 3080 Ti,1,2.6.0+cu124,5.5.3,sdpa,ha_ng,merged,0.30,7,64,11.82,908,592,-1,4,enc,77.6376
NVIDIA GeForce RTX 3080 Ti,1,2.6.0+cu124,5.5.3,sdpa,ha_ng,merged,0.30,7,64,11.82,908,592,-1,5,enc,77.8404
NVIDIA GeForce RTX 3080 Ti,1,2.6.0+cu124,5.5.3,sdpa,ha_ng,merged,0.30,7,64,11.82,908,592,-1,6,enc,77.9971
NVIDIA GeForce RTX 3080 Ti,1,2.6.0+cu124,5.5.3,sdpa,ha_ng,merged,0.30,7,64,11.82,908,592,-1,7,enc,78.3817
NVIDIA GeForce RTX 3080 Ti,1,2.6.0+cu124,5.5.3,sdpa,ha_ng,merged,0.30,7,64,11.82,908,592,-1,8,enc,78.6586
NVIDIA GeForce RTX 3080 Ti,1,2.6.0+cu124,5.5.3,sdpa,ha_ng,merged,0.30,7,64,11.82,908,592,-1,9,enc,78.3647
NVIDIA GeForce RTX 3080 Ti,1,2.6.0+cu124,5.5.3,sdpa,ha_ng,merged,0.40,7,64,11.82,908,592,-1,0,enc,71.8452
NVIDIA GeForce RTX 3080 Ti,1,2.6.0+cu124,5.5.3,sdpa,ha_ng,merged,0.40,7,64,11.82,908,592,-1,1,enc,71.8612
NVIDIA GeForce RTX 3080 Ti,1,2.6.0+cu124,5.5.3,sdpa,ha_ng,merged,0.40,7,64,11.82,908,592,-1,2,enc,72.3177
NVIDIA GeForce RTX 3080 Ti,1,2.6.0+cu124,5.5.3,sdpa,ha_ng,merged,0.40,7,64,11.82,908,592,-1,3,enc,72.1152
NVIDIA GeForce RTX 3080 Ti,1,2.6.0+cu124,5.5.3,sdpa,ha_ng,merged,0.40,7,64,11.82,908,592,-1,4,enc,71.9633
NVIDIA GeForce RTX 3080 Ti,1,2.6.0+cu124,5.5.3,sdpa,ha_ng,merged,0.40,7,64,11.82,908,592,-1,5,enc,72.1445
NVIDIA GeForce RTX 3080 Ti,1,2.6.0+cu124,5.5.3,sdpa,ha_ng,merged,0.40,7,64,11.82,908,592,-1,6,enc,72.7757
NVIDIA GeForce RTX 3080 Ti,1,2.6.0+cu124,5.5.3,sdpa,ha_ng,merged,0.40,7,64,11.82,908,592,-1,7,enc,81.5759
NVIDIA GeForce RTX 3080 Ti,1,2.6.0+cu124,5.5.3,sdpa,ha_ng,merged,0.40,7,64,11.82,908,592,-1,8,enc,73.6983
NVIDIA GeForce RTX 3080 Ti,1,2.6.0+cu124,5.5.3,sdpa,ha_ng,merged,0.40,7,64,11.82,908,592,-1,9,enc,72.3351
NVIDIA GeForce RTX 3080 Ti,1,2.6.0+cu124,5.5.3,sdpa,jv_id,baseline,0.00,0,61,8.70,1068,432,-1,0,enc,91.1964
NVIDIA GeForce RTX 3080 Ti,1,2.6.0+cu124,5.5.3,sdpa,jv_id,baseline,0.00,0,61,8.70,1068,432,-1,1,enc,91.1278
NVIDIA GeForce RTX 3080 Ti,1,2.6.0+cu124,5.5.3,sdpa,jv_id,baseline,0.00,0,61,8.70,1068,432,-1,2,enc,91.2968
NVIDIA GeForce RTX 3080 Ti,1,2.6.0+cu124,5.5.3,sdpa,jv_id,baseline,0.00,0,61,8.70,1068,432,-1,3,enc,91.3285
NVIDIA GeForce RTX 3080 Ti,1,2.6.0+cu124,5.5.3,sdpa,jv_id,baseline,0.00,0,61,8.70,1068,432,-1,4,enc,100.2066
NVIDIA GeForce RTX 3080 Ti,1,2.6.0+cu124,5.5.3,sdpa,jv_id,baseline,0.00,0,61,8.70,1068,432,-1,5,enc,94.2793
NVIDIA GeForce RTX 3080 Ti,1,2.6.0+cu124,5.5.3,sdpa,jv_id,baseline,0.00,0,61,8.70,1068,432,-1,6,enc,91.6971
NVIDIA GeForce RTX 3080 Ti,1,2.6.0+cu124,5.5.3,sdpa,jv_id,baseline,0.00,0,61,8.70,1068,432,-1,7,enc,90.9312
NVIDIA GeForce RTX 3080 Ti,1,2.6.0+cu124,5.5.3,sdpa,jv_id,baseline,0.00,0,61,8.70,1068,432,-1,8,enc,91.3333
NVIDIA GeForce RTX 3080 Ti,1,2.6.0+cu124,5.5.3,sdpa,jv_id,baseline,0.00,0,61,8.70,1068,432,-1,9,enc,91.2382
NVIDIA GeForce RTX 3080 Ti,1,2.6.0+cu124,5.5.3,sdpa,jv_id,merged,0.20,0,61,8.70,1068,432,-1,0,enc,86.0150
NVIDIA GeForce RTX 3080 Ti,1,2.6.0+cu124,5.5.3,sdpa,jv_id,merged,0.20,0,61,8.70,1068,432,-1,1,enc,85.5739
NVIDIA GeForce RTX 3080 Ti,1,2.6.0+cu124,5.5.3,sdpa,jv_id,merged,0.20,0,61,8.70,1068,432,-1,2,enc,84.6640
NVIDIA GeForce RTX 3080 Ti,1,2.6.0+cu124,5.5.3,sdpa,jv_id,merged,0.20,0,61,8.70,1068,432,-1,3,enc,84.1010
NVIDIA GeForce RTX 3080 Ti,1,2.6.0+cu124,5.5.3,sdpa,jv_id,merged,0.20,0,61,8.70,1068,432,-1,4,enc,82.6344
NVIDIA GeForce RTX 3080 Ti,1,2.6.0+cu124,5.5.3,sdpa,jv_id,merged,0.20,0,61,8.70,1068,432,-1,5,enc,83.3177
NVIDIA GeForce RTX 3080 Ti,1,2.6.0+cu124,5.5.3,sdpa,jv_id,merged,0.20,0,61,8.70,1068,432,-1,6,enc,83.5524
NVIDIA GeForce RTX 3080 Ti,1,2.6.0+cu124,5.5.3,sdpa,jv_id,merged,0.20,0,61,8.70,1068,432,-1,7,enc,83.1611
NVIDIA GeForce RTX 3080 Ti,1,2.6.0+cu124,5.5.3,sdpa,jv_id,merged,0.20,0,61,8.70,1068,432,-1,8,enc,83.2840
NVIDIA GeForce RTX 3080 Ti,1,2.6.0+cu124,5.5.3,sdpa,jv_id,merged,0.20,0,61,8.70,1068,432,-1,9,enc,83.2296
NVIDIA GeForce RTX 3080 Ti,1,2.6.0+cu124,5.5.3,sdpa,jv_id,merged,0.30,0,61,8.70,1068,432,-1,0,enc,77.9835
NVIDIA GeForce RTX 3080 Ti,1,2.6.0+cu124,5.5.3,sdpa,jv_id,merged,0.30,0,61,8.70,1068,432,-1,1,enc,77.6940
NVIDIA GeForce RTX 3080 Ti,1,2.6.0+cu124,5.5.3,sdpa,jv_id,merged,0.30,0,61,8.70,1068,432,-1,2,enc,77.8514
NVIDIA GeForce RTX 3080 Ti,1,2.6.0+cu124,5.5.3,sdpa,jv_id,merged,0.30,0,61,8.70,1068,432,-1,3,enc,78.0421
NVIDIA GeForce RTX 3080 Ti,1,2.6.0+cu124,5.5.3,sdpa,jv_id,merged,0.30,0,61,8.70,1068,432,-1,4,enc,77.3827
NVIDIA GeForce RTX 3080 Ti,1,2.6.0+cu124,5.5.3,sdpa,jv_id,merged,0.30,0,61,8.70,1068,432,-1,5,enc,77.9783
NVIDIA GeForce RTX 3080 Ti,1,2.6.0+cu124,5.5.3,sdpa,jv_id,merged,0.30,0,61,8.70,1068,432,-1,6,enc,77.7359
NVIDIA GeForce RTX 3080 Ti,1,2.6.0+cu124,5.5.3,sdpa,jv_id,merged,0.30,0,61,8.70,1068,432,-1,7,enc,77.8373
NVIDIA GeForce RTX 3080 Ti,1,2.6.0+cu124,5.5.3,sdpa,jv_id,merged,0.30,0,61,8.70,1068,432,-1,8,enc,77.7819
NVIDIA GeForce RTX 3080 Ti,1,2.6.0+cu124,5.5.3,sdpa,jv_id,merged,0.30,0,61,8.70,1068,432,-1,9,enc,77.9039
NVIDIA GeForce RTX 3080 Ti,1,2.6.0+cu124,5.5.3,sdpa,jv_id,merged,0.40,0,61,8.70,1068,432,-1,0,enc,72.5473
NVIDIA GeForce RTX 3080 Ti,1,2.6.0+cu124,5.5.3,sdpa,jv_id,merged,0.40,0,61,8.70,1068,432,-1,1,enc,72.6260
NVIDIA GeForce RTX 3080 Ti,1,2.6.0+cu124,5.5.3,sdpa,jv_id,merged,0.40,0,61,8.70,1068,432,-1,2,enc,72.7542
NVIDIA GeForce RTX 3080 Ti,1,2.6.0+cu124,5.5.3,sdpa,jv_id,merged,0.40,0,61,8.70,1068,432,-1,3,enc,73.3007
NVIDIA GeForce RTX 3080 Ti,1,2.6.0+cu124,5.5.3,sdpa,jv_id,merged,0.40,0,61,8.70,1068,432,-1,4,enc,72.6085
NVIDIA GeForce RTX 3080 Ti,1,2.6.0+cu124,5.5.3,sdpa,jv_id,merged,0.40,0,61,8.70,1068,432,-1,5,enc,72.9418
NVIDIA GeForce RTX 3080 Ti,1,2.6.0+cu124,5.5.3,sdpa,jv_id,merged,0.40,0,61,8.70,1068,432,-1,6,enc,72.8893
NVIDIA GeForce RTX 3080 Ti,1,2.6.0+cu124,5.5.3,sdpa,jv_id,merged,0.40,0,61,8.70,1068,432,-1,7,enc,73.0448
NVIDIA GeForce RTX 3080 Ti,1,2.6.0+cu124,5.5.3,sdpa,jv_id,merged,0.40,0,61,8.70,1068,432,-1,8,enc,72.7405
NVIDIA GeForce RTX 3080 Ti,1,2.6.0+cu124,5.5.3,sdpa,jv_id,merged,0.40,0,61,8.70,1068,432,-1,9,enc,73.1750
NVIDIA GeForce RTX 3080 Ti,1,2.6.0+cu124,5.5.3,sdpa,jv_id,baseline,0.00,1,67,12.90,857,643,-1,0,enc,92.6441
NVIDIA GeForce RTX 3080 Ti,1,2.6.0+cu124,5.5.3,sdpa,jv_id,baseline,0.00,1,67,12.90,857,643,-1,1,enc,92.6523
NVIDIA GeForce RTX 3080 Ti,1,2.6.0+cu124,5.5.3,sdpa,jv_id,baseline,0.00,1,67,12.90,857,643,-1,2,enc,92.4744
NVIDIA GeForce RTX 3080 Ti,1,2.6.0+cu124,5.5.3,sdpa,jv_id,baseline,0.00,1,67,12.90,857,643,-1,3,enc,92.3669
NVIDIA GeForce RTX 3080 Ti,1,2.6.0+cu124,5.5.3,sdpa,jv_id,baseline,0.00,1,67,12.90,857,643,-1,4,enc,92.8112
NVIDIA GeForce RTX 3080 Ti,1,2.6.0+cu124,5.5.3,sdpa,jv_id,baseline,0.00,1,67,12.90,857,643,-1,5,enc,92.3474
NVIDIA GeForce RTX 3080 Ti,1,2.6.0+cu124,5.5.3,sdpa,jv_id,baseline,0.00,1,67,12.90,857,643,-1,6,enc,92.4484
NVIDIA GeForce RTX 3080 Ti,1,2.6.0+cu124,5.5.3,sdpa,jv_id,baseline,0.00,1,67,12.90,857,643,-1,7,enc,92.8992
NVIDIA GeForce RTX 3080 Ti,1,2.6.0+cu124,5.5.3,sdpa,jv_id,baseline,0.00,1,67,12.90,857,643,-1,8,enc,93.0560
NVIDIA GeForce RTX 3080 Ti,1,2.6.0+cu124,5.5.3,sdpa,jv_id,baseline,0.00,1,67,12.90,857,643,-1,9,enc,93.1932
NVIDIA GeForce RTX 3080 Ti,1,2.6.0+cu124,5.5.3,sdpa,jv_id,merged,0.20,1,67,12.90,857,643,-1,0,enc,83.8124
NVIDIA GeForce RTX 3080 Ti,1,2.6.0+cu124,5.5.3,sdpa,jv_id,merged,0.20,1,67,12.90,857,643,-1,1,enc,83.2358
NVIDIA GeForce RTX 3080 Ti,1,2.6.0+cu124,5.5.3,sdpa,jv_id,merged,0.20,1,67,12.90,857,643,-1,2,enc,83.2655
NVIDIA GeForce RTX 3080 Ti,1,2.6.0+cu124,5.5.3,sdpa,jv_id,merged,0.20,1,67,12.90,857,643,-1,3,enc,83.2590
NVIDIA GeForce RTX 3080 Ti,1,2.6.0+cu124,5.5.3,sdpa,jv_id,merged,0.20,1,67,12.90,857,643,-1,4,enc,83.2357
NVIDIA GeForce RTX 3080 Ti,1,2.6.0+cu124,5.5.3,sdpa,jv_id,merged,0.20,1,67,12.90,857,643,-1,5,enc,90.3506
NVIDIA GeForce RTX 3080 Ti,1,2.6.0+cu124,5.5.3,sdpa,jv_id,merged,0.20,1,67,12.90,857,643,-1,6,enc,84.5939
NVIDIA GeForce RTX 3080 Ti,1,2.6.0+cu124,5.5.3,sdpa,jv_id,merged,0.20,1,67,12.90,857,643,-1,7,enc,83.2195
NVIDIA GeForce RTX 3080 Ti,1,2.6.0+cu124,5.5.3,sdpa,jv_id,merged,0.20,1,67,12.90,857,643,-1,8,enc,83.7396
NVIDIA GeForce RTX 3080 Ti,1,2.6.0+cu124,5.5.3,sdpa,jv_id,merged,0.20,1,67,12.90,857,643,-1,9,enc,83.2633
NVIDIA GeForce RTX 3080 Ti,1,2.6.0+cu124,5.5.3,sdpa,jv_id,merged,0.30,1,67,12.90,857,643,-1,0,enc,77.6590
NVIDIA GeForce RTX 3080 Ti,1,2.6.0+cu124,5.5.3,sdpa,jv_id,merged,0.30,1,67,12.90,857,643,-1,1,enc,78.6985
NVIDIA GeForce RTX 3080 Ti,1,2.6.0+cu124,5.5.3,sdpa,jv_id,merged,0.30,1,67,12.90,857,643,-1,2,enc,79.9130
NVIDIA GeForce RTX 3080 Ti,1,2.6.0+cu124,5.5.3,sdpa,jv_id,merged,0.30,1,67,12.90,857,643,-1,3,enc,79.1378
NVIDIA GeForce RTX 3080 Ti,1,2.6.0+cu124,5.5.3,sdpa,jv_id,merged,0.30,1,67,12.90,857,643,-1,4,enc,78.3217
NVIDIA GeForce RTX 3080 Ti,1,2.6.0+cu124,5.5.3,sdpa,jv_id,merged,0.30,1,67,12.90,857,643,-1,5,enc,78.3255
NVIDIA GeForce RTX 3080 Ti,1,2.6.0+cu124,5.5.3,sdpa,jv_id,merged,0.30,1,67,12.90,857,643,-1,6,enc,77.4820
NVIDIA GeForce RTX 3080 Ti,1,2.6.0+cu124,5.5.3,sdpa,jv_id,merged,0.30,1,67,12.90,857,643,-1,7,enc,78.4077
NVIDIA GeForce RTX 3080 Ti,1,2.6.0+cu124,5.5.3,sdpa,jv_id,merged,0.30,1,67,12.90,857,643,-1,8,enc,78.4179
NVIDIA GeForce RTX 3080 Ti,1,2.6.0+cu124,5.5.3,sdpa,jv_id,merged,0.30,1,67,12.90,857,643,-1,9,enc,77.8209
NVIDIA GeForce RTX 3080 Ti,1,2.6.0+cu124,5.5.3,sdpa,jv_id,merged,0.40,1,67,12.90,857,643,-1,0,enc,73.5936
NVIDIA GeForce RTX 3080 Ti,1,2.6.0+cu124,5.5.3,sdpa,jv_id,merged,0.40,1,67,12.90,857,643,-1,1,enc,73.9080
NVIDIA GeForce RTX 3080 Ti,1,2.6.0+cu124,5.5.3,sdpa,jv_id,merged,0.40,1,67,12.90,857,643,-1,2,enc,73.2551
NVIDIA GeForce RTX 3080 Ti,1,2.6.0+cu124,5.5.3,sdpa,jv_id,merged,0.40,1,67,12.90,857,643,-1,3,enc,72.9710
NVIDIA GeForce RTX 3080 Ti,1,2.6.0+cu124,5.5.3,sdpa,jv_id,merged,0.40,1,67,12.90,857,643,-1,4,enc,72.7542
NVIDIA GeForce RTX 3080 Ti,1,2.6.0+cu124,5.5.3,sdpa,jv_id,merged,0.40,1,67,12.90,857,643,-1,5,enc,72.7747
NVIDIA GeForce RTX 3080 Ti,1,2.6.0+cu124,5.5.3,sdpa,jv_id,merged,0.40,1,67,12.90,857,643,-1,6,enc,72.8913
NVIDIA GeForce RTX 3080 Ti,1,2.6.0+cu124,5.5.3,sdpa,jv_id,merged,0.40,1,67,12.90,857,643,-1,7,enc,72.5977
NVIDIA GeForce RTX 3080 Ti,1,2.6.0+cu124,5.5.3,sdpa,jv_id,merged,0.40,1,67,12.90,857,643,-1,8,enc,72.9037
NVIDIA GeForce RTX 3080 Ti,1,2.6.0+cu124,5.5.3,sdpa,jv_id,merged,0.40,1,67,12.90,857,643,-1,9,enc,72.7849
NVIDIA GeForce RTX 3080 Ti,1,2.6.0+cu124,5.5.3,sdpa,jv_id,baseline,0.00,2,68,13.08,845,655,-1,0,enc,94.0358
NVIDIA GeForce RTX 3080 Ti,1,2.6.0+cu124,5.5.3,sdpa,jv_id,baseline,0.00,2,68,13.08,845,655,-1,1,enc,93.8701
NVIDIA GeForce RTX 3080 Ti,1,2.6.0+cu124,5.5.3,sdpa,jv_id,baseline,0.00,2,68,13.08,845,655,-1,2,enc,93.1674
NVIDIA GeForce RTX 3080 Ti,1,2.6.0+cu124,5.5.3,sdpa,jv_id,baseline,0.00,2,68,13.08,845,655,-1,3,enc,92.7437
NVIDIA GeForce RTX 3080 Ti,1,2.6.0+cu124,5.5.3,sdpa,jv_id,baseline,0.00,2,68,13.08,845,655,-1,4,enc,92.6554
NVIDIA GeForce RTX 3080 Ti,1,2.6.0+cu124,5.5.3,sdpa,jv_id,baseline,0.00,2,68,13.08,845,655,-1,5,enc,92.3566
NVIDIA GeForce RTX 3080 Ti,1,2.6.0+cu124,5.5.3,sdpa,jv_id,baseline,0.00,2,68,13.08,845,655,-1,6,enc,92.1446
NVIDIA GeForce RTX 3080 Ti,1,2.6.0+cu124,5.5.3,sdpa,jv_id,baseline,0.00,2,68,13.08,845,655,-1,7,enc,92.7805
NVIDIA GeForce RTX 3080 Ti,1,2.6.0+cu124,5.5.3,sdpa,jv_id,baseline,0.00,2,68,13.08,845,655,-1,8,enc,92.5819
NVIDIA GeForce RTX 3080 Ti,1,2.6.0+cu124,5.5.3,sdpa,jv_id,baseline,0.00,2,68,13.08,845,655,-1,9,enc,92.8992
NVIDIA GeForce RTX 3080 Ti,1,2.6.0+cu124,5.5.3,sdpa,jv_id,merged,0.20,2,68,13.08,845,655,-1,0,enc,84.0008
NVIDIA GeForce RTX 3080 Ti,1,2.6.0+cu124,5.5.3,sdpa,jv_id,merged,0.20,2,68,13.08,845,655,-1,1,enc,83.7632
NVIDIA GeForce RTX 3080 Ti,1,2.6.0+cu124,5.5.3,sdpa,jv_id,merged,0.20,2,68,13.08,845,655,-1,2,enc,84.3633
NVIDIA GeForce RTX 3080 Ti,1,2.6.0+cu124,5.5.3,sdpa,jv_id,merged,0.20,2,68,13.08,845,655,-1,3,enc,83.9412
NVIDIA GeForce RTX 3080 Ti,1,2.6.0+cu124,5.5.3,sdpa,jv_id,merged,0.20,2,68,13.08,845,655,-1,4,enc,84.1939
NVIDIA GeForce RTX 3080 Ti,1,2.6.0+cu124,5.5.3,sdpa,jv_id,merged,0.20,2,68,13.08,845,655,-1,5,enc,83.9102
NVIDIA GeForce RTX 3080 Ti,1,2.6.0+cu124,5.5.3,sdpa,jv_id,merged,0.20,2,68,13.08,845,655,-1,6,enc,84.3415
NVIDIA GeForce RTX 3080 Ti,1,2.6.0+cu124,5.5.3,sdpa,jv_id,merged,0.20,2,68,13.08,845,655,-1,7,enc,85.1925
NVIDIA GeForce RTX 3080 Ti,1,2.6.0+cu124,5.5.3,sdpa,jv_id,merged,0.20,2,68,13.08,845,655,-1,8,enc,84.7063
NVIDIA GeForce RTX 3080 Ti,1,2.6.0+cu124,5.5.3,sdpa,jv_id,merged,0.20,2,68,13.08,845,655,-1,9,enc,84.8721
NVIDIA GeForce RTX 3080 Ti,1,2.6.0+cu124,5.5.3,sdpa,jv_id,merged,0.30,2,68,13.08,845,655,-1,0,enc,78.0800
NVIDIA GeForce RTX 3080 Ti,1,2.6.0+cu124,5.5.3,sdpa,jv_id,merged,0.30,2,68,13.08,845,655,-1,1,enc,77.6387
NVIDIA GeForce RTX 3080 Ti,1,2.6.0+cu124,5.5.3,sdpa,jv_id,merged,0.30,2,68,13.08,845,655,-1,2,enc,77.3519
NVIDIA GeForce RTX 3080 Ti,1,2.6.0+cu124,5.5.3,sdpa,jv_id,merged,0.30,2,68,13.08,845,655,-1,3,enc,77.7962
NVIDIA GeForce RTX 3080 Ti,1,2.6.0+cu124,5.5.3,sdpa,jv_id,merged,0.30,2,68,13.08,845,655,-1,4,enc,77.5649
NVIDIA GeForce RTX 3080 Ti,1,2.6.0+cu124,5.5.3,sdpa,jv_id,merged,0.30,2,68,13.08,845,655,-1,5,enc,79.7222
NVIDIA GeForce RTX 3080 Ti,1,2.6.0+cu124,5.5.3,sdpa,jv_id,merged,0.30,2,68,13.08,845,655,-1,6,enc,85.9187
NVIDIA GeForce RTX 3080 Ti,1,2.6.0+cu124,5.5.3,sdpa,jv_id,merged,0.30,2,68,13.08,845,655,-1,7,enc,78.7937
NVIDIA GeForce RTX 3080 Ti,1,2.6.0+cu124,5.5.3,sdpa,jv_id,merged,0.30,2,68,13.08,845,655,-1,8,enc,78.2005
NVIDIA GeForce RTX 3080 Ti,1,2.6.0+cu124,5.5.3,sdpa,jv_id,merged,0.30,2,68,13.08,845,655,-1,9,enc,77.8926
NVIDIA GeForce RTX 3080 Ti,1,2.6.0+cu124,5.5.3,sdpa,jv_id,merged,0.40,2,68,13.08,845,655,-1,0,enc,73.9092
NVIDIA GeForce RTX 3080 Ti,1,2.6.0+cu124,5.5.3,sdpa,jv_id,merged,0.40,2,68,13.08,845,655,-1,1,enc,73.6471
NVIDIA GeForce RTX 3080 Ti,1,2.6.0+cu124,5.5.3,sdpa,jv_id,merged,0.40,2,68,13.08,845,655,-1,2,enc,74.2717
NVIDIA GeForce RTX 3080 Ti,1,2.6.0+cu124,5.5.3,sdpa,jv_id,merged,0.40,2,68,13.08,845,655,-1,3,enc,75.5497
NVIDIA GeForce RTX 3080 Ti,1,2.6.0+cu124,5.5.3,sdpa,jv_id,merged,0.40,2,68,13.08,845,655,-1,4,enc,75.6163
NVIDIA GeForce RTX 3080 Ti,1,2.6.0+cu124,5.5.3,sdpa,jv_id,merged,0.40,2,68,13.08,845,655,-1,5,enc,75.2364
NVIDIA GeForce RTX 3080 Ti,1,2.6.0+cu124,5.5.3,sdpa,jv_id,merged,0.40,2,68,13.08,845,655,-1,6,enc,74.2349
NVIDIA GeForce RTX 3080 Ti,1,2.6.0+cu124,5.5.3,sdpa,jv_id,merged,0.40,2,68,13.08,845,655,-1,7,enc,74.3301
NVIDIA GeForce RTX 3080 Ti,1,2.6.0+cu124,5.5.3,sdpa,jv_id,merged,0.40,2,68,13.08,845,655,-1,8,enc,75.0049
NVIDIA GeForce RTX 3080 Ti,1,2.6.0+cu124,5.5.3,sdpa,jv_id,merged,0.40,2,68,13.08,845,655,-1,9,enc,75.0182
NVIDIA GeForce RTX 3080 Ti,1,2.6.0+cu124,5.5.3,sdpa,jv_id,baseline,0.00,3,69,12.78,860,640,-1,0,enc,92.3091
NVIDIA GeForce RTX 3080 Ti,1,2.6.0+cu124,5.5.3,sdpa,jv_id,baseline,0.00,3,69,12.78,860,640,-1,1,enc,92.2972
NVIDIA GeForce RTX 3080 Ti,1,2.6.0+cu124,5.5.3,sdpa,jv_id,baseline,0.00,3,69,12.78,860,640,-1,2,enc,95.3692
NVIDIA GeForce RTX 3080 Ti,1,2.6.0+cu124,5.5.3,sdpa,jv_id,baseline,0.00,3,69,12.78,860,640,-1,3,enc,94.9565
NVIDIA GeForce RTX 3080 Ti,1,2.6.0+cu124,5.5.3,sdpa,jv_id,baseline,0.00,3,69,12.78,860,640,-1,4,enc,93.7196
NVIDIA GeForce RTX 3080 Ti,1,2.6.0+cu124,5.5.3,sdpa,jv_id,baseline,0.00,3,69,12.78,860,640,-1,5,enc,92.6996
NVIDIA GeForce RTX 3080 Ti,1,2.6.0+cu124,5.5.3,sdpa,jv_id,baseline,0.00,3,69,12.78,860,640,-1,6,enc,92.4559
NVIDIA GeForce RTX 3080 Ti,1,2.6.0+cu124,5.5.3,sdpa,jv_id,baseline,0.00,3,69,12.78,860,640,-1,7,enc,92.2713
NVIDIA GeForce RTX 3080 Ti,1,2.6.0+cu124,5.5.3,sdpa,jv_id,baseline,0.00,3,69,12.78,860,640,-1,8,enc,92.3749
NVIDIA GeForce RTX 3080 Ti,1,2.6.0+cu124,5.5.3,sdpa,jv_id,baseline,0.00,3,69,12.78,860,640,-1,9,enc,92.3935
NVIDIA GeForce RTX 3080 Ti,1,2.6.0+cu124,5.5.3,sdpa,jv_id,merged,0.20,3,69,12.78,860,640,-1,0,enc,84.7059
NVIDIA GeForce RTX 3080 Ti,1,2.6.0+cu124,5.5.3,sdpa,jv_id,merged,0.20,3,69,12.78,860,640,-1,1,enc,84.6920
NVIDIA GeForce RTX 3080 Ti,1,2.6.0+cu124,5.5.3,sdpa,jv_id,merged,0.20,3,69,12.78,860,640,-1,2,enc,84.0899
NVIDIA GeForce RTX 3080 Ti,1,2.6.0+cu124,5.5.3,sdpa,jv_id,merged,0.20,3,69,12.78,860,640,-1,3,enc,83.9649
NVIDIA GeForce RTX 3080 Ti,1,2.6.0+cu124,5.5.3,sdpa,jv_id,merged,0.20,3,69,12.78,860,640,-1,4,enc,83.8615
NVIDIA GeForce RTX 3080 Ti,1,2.6.0+cu124,5.5.3,sdpa,jv_id,merged,0.20,3,69,12.78,860,640,-1,5,enc,83.9752
NVIDIA GeForce RTX 3080 Ti,1,2.6.0+cu124,5.5.3,sdpa,jv_id,merged,0.20,3,69,12.78,860,640,-1,6,enc,83.9537
NVIDIA GeForce RTX 3080 Ti,1,2.6.0+cu124,5.5.3,sdpa,jv_id,merged,0.20,3,69,12.78,860,640,-1,7,enc,83.9547
NVIDIA GeForce RTX 3080 Ti,1,2.6.0+cu124,5.5.3,sdpa,jv_id,merged,0.20,3,69,12.78,860,640,-1,8,enc,84.7106
NVIDIA GeForce RTX 3080 Ti,1,2.6.0+cu124,5.5.3,sdpa,jv_id,merged,0.20,3,69,12.78,860,640,-1,9,enc,85.1373
NVIDIA GeForce RTX 3080 Ti,1,2.6.0+cu124,5.5.3,sdpa,jv_id,merged,0.30,3,69,12.78,860,640,-1,0,enc,78.6309
NVIDIA GeForce RTX 3080 Ti,1,2.6.0+cu124,5.5.3,sdpa,jv_id,merged,0.30,3,69,12.78,860,640,-1,1,enc,78.0880
NVIDIA GeForce RTX 3080 Ti,1,2.6.0+cu124,5.5.3,sdpa,jv_id,merged,0.30,3,69,12.78,860,640,-1,2,enc,78.4812
NVIDIA GeForce RTX 3080 Ti,1,2.6.0+cu124,5.5.3,sdpa,jv_id,merged,0.30,3,69,12.78,860,640,-1,3,enc,78.2826
NVIDIA GeForce RTX 3080 Ti,1,2.6.0+cu124,5.5.3,sdpa,jv_id,merged,0.30,3,69,12.78,860,640,-1,4,enc,78.6053
NVIDIA GeForce RTX 3080 Ti,1,2.6.0+cu124,5.5.3,sdpa,jv_id,merged,0.30,3,69,12.78,860,640,-1,5,enc,78.6299
NVIDIA GeForce RTX 3080 Ti,1,2.6.0+cu124,5.5.3,sdpa,jv_id,merged,0.30,3,69,12.78,860,640,-1,6,enc,79.2920
NVIDIA GeForce RTX 3080 Ti,1,2.6.0+cu124,5.5.3,sdpa,jv_id,merged,0.30,3,69,12.78,860,640,-1,7,enc,79.1907
NVIDIA GeForce RTX 3080 Ti,1,2.6.0+cu124,5.5.3,sdpa,jv_id,merged,0.30,3,69,12.78,860,640,-1,8,enc,78.9112
NVIDIA GeForce RTX 3080 Ti,1,2.6.0+cu124,5.5.3,sdpa,jv_id,merged,0.30,3,69,12.78,860,640,-1,9,enc,79.5392
NVIDIA GeForce RTX 3080 Ti,1,2.6.0+cu124,5.5.3,sdpa,jv_id,merged,0.40,3,69,12.78,860,640,-1,0,enc,72.5811
NVIDIA GeForce RTX 3080 Ti,1,2.6.0+cu124,5.5.3,sdpa,jv_id,merged,0.40,3,69,12.78,860,640,-1,1,enc,72.6292
NVIDIA GeForce RTX 3080 Ti,1,2.6.0+cu124,5.5.3,sdpa,jv_id,merged,0.40,3,69,12.78,860,640,-1,2,enc,73.3123
NVIDIA GeForce RTX 3080 Ti,1,2.6.0+cu124,5.5.3,sdpa,jv_id,merged,0.40,3,69,12.78,860,640,-1,3,enc,72.9211
NVIDIA GeForce RTX 3080 Ti,1,2.6.0+cu124,5.5.3,sdpa,jv_id,merged,0.40,3,69,12.78,860,640,-1,4,enc,72.5041
NVIDIA GeForce RTX 3080 Ti,1,2.6.0+cu124,5.5.3,sdpa,jv_id,merged,0.40,3,69,12.78,860,640,-1,5,enc,72.7644
NVIDIA GeForce RTX 3080 Ti,1,2.6.0+cu124,5.5.3,sdpa,jv_id,merged,0.40,3,69,12.78,860,640,-1,6,enc,76.3566
NVIDIA GeForce RTX 3080 Ti,1,2.6.0+cu124,5.5.3,sdpa,jv_id,merged,0.40,3,69,12.78,860,640,-1,7,enc,79.1521
NVIDIA GeForce RTX 3080 Ti,1,2.6.0+cu124,5.5.3,sdpa,jv_id,merged,0.40,3,69,12.78,860,640,-1,8,enc,73.3010
NVIDIA GeForce RTX 3080 Ti,1,2.6.0+cu124,5.5.3,sdpa,jv_id,merged,0.40,3,69,12.78,860,640,-1,9,enc,73.0727
NVIDIA GeForce RTX 3080 Ti,1,2.6.0+cu124,5.5.3,sdpa,jv_id,baseline,0.00,4,70,11.52,925,575,-1,0,enc,91.8671
NVIDIA GeForce RTX 3080 Ti,1,2.6.0+cu124,5.5.3,sdpa,jv_id,baseline,0.00,4,70,11.52,925,575,-1,1,enc,92.5314
NVIDIA GeForce RTX 3080 Ti,1,2.6.0+cu124,5.5.3,sdpa,jv_id,baseline,0.00,4,70,11.52,925,575,-1,2,enc,92.2092
NVIDIA GeForce RTX 3080 Ti,1,2.6.0+cu124,5.5.3,sdpa,jv_id,baseline,0.00,4,70,11.52,925,575,-1,3,enc,92.6522
NVIDIA GeForce RTX 3080 Ti,1,2.6.0+cu124,5.5.3,sdpa,jv_id,baseline,0.00,4,70,11.52,925,575,-1,4,enc,106.3218
NVIDIA GeForce RTX 3080 Ti,1,2.6.0+cu124,5.5.3,sdpa,jv_id,baseline,0.00,4,70,11.52,925,575,-1,5,enc,93.2103
NVIDIA GeForce RTX 3080 Ti,1,2.6.0+cu124,5.5.3,sdpa,jv_id,baseline,0.00,4,70,11.52,925,575,-1,6,enc,92.1371
NVIDIA GeForce RTX 3080 Ti,1,2.6.0+cu124,5.5.3,sdpa,jv_id,baseline,0.00,4,70,11.52,925,575,-1,7,enc,92.2837
NVIDIA GeForce RTX 3080 Ti,1,2.6.0+cu124,5.5.3,sdpa,jv_id,baseline,0.00,4,70,11.52,925,575,-1,8,enc,92.3249
NVIDIA GeForce RTX 3080 Ti,1,2.6.0+cu124,5.5.3,sdpa,jv_id,baseline,0.00,4,70,11.52,925,575,-1,9,enc,92.3474
NVIDIA GeForce RTX 3080 Ti,1,2.6.0+cu124,5.5.3,sdpa,jv_id,merged,0.20,4,70,11.52,925,575,-1,0,enc,87.0840
NVIDIA GeForce RTX 3080 Ti,1,2.6.0+cu124,5.5.3,sdpa,jv_id,merged,0.20,4,70,11.52,925,575,-1,1,enc,85.4047
NVIDIA GeForce RTX 3080 Ti,1,2.6.0+cu124,5.5.3,sdpa,jv_id,merged,0.20,4,70,11.52,925,575,-1,2,enc,84.2137
NVIDIA GeForce RTX 3080 Ti,1,2.6.0+cu124,5.5.3,sdpa,jv_id,merged,0.20,4,70,11.52,925,575,-1,3,enc,84.0376
NVIDIA GeForce RTX 3080 Ti,1,2.6.0+cu124,5.5.3,sdpa,jv_id,merged,0.20,4,70,11.52,925,575,-1,4,enc,83.8982
NVIDIA GeForce RTX 3080 Ti,1,2.6.0+cu124,5.5.3,sdpa,jv_id,merged,0.20,4,70,11.52,925,575,-1,5,enc,84.0149
NVIDIA GeForce RTX 3080 Ti,1,2.6.0+cu124,5.5.3,sdpa,jv_id,merged,0.20,4,70,11.52,925,575,-1,6,enc,84.0468
NVIDIA GeForce RTX 3080 Ti,1,2.6.0+cu124,5.5.3,sdpa,jv_id,merged,0.20,4,70,11.52,925,575,-1,7,enc,83.7376
NVIDIA GeForce RTX 3080 Ti,1,2.6.0+cu124,5.5.3,sdpa,jv_id,merged,0.20,4,70,11.52,925,575,-1,8,enc,83.9055
NVIDIA GeForce RTX 3080 Ti,1,2.6.0+cu124,5.5.3,sdpa,jv_id,merged,0.20,4,70,11.52,925,575,-1,9,enc,84.3335
NVIDIA GeForce RTX 3080 Ti,1,2.6.0+cu124,5.5.3,sdpa,jv_id,merged,0.30,4,70,11.52,925,575,-1,0,enc,78.5866
NVIDIA GeForce RTX 3080 Ti,1,2.6.0+cu124,5.5.3,sdpa,jv_id,merged,0.30,4,70,11.52,925,575,-1,1,enc,78.5098
NVIDIA GeForce RTX 3080 Ti,1,2.6.0+cu124,5.5.3,sdpa,jv_id,merged,0.30,4,70,11.52,925,575,-1,2,enc,78.8484
NVIDIA GeForce RTX 3080 Ti,1,2.6.0+cu124,5.5.3,sdpa,jv_id,merged,0.30,4,70,11.52,925,575,-1,3,enc,78.7783
NVIDIA GeForce RTX 3080 Ti,1,2.6.0+cu124,5.5.3,sdpa,jv_id,merged,0.30,4,70,11.52,925,575,-1,4,enc,78.0553
NVIDIA GeForce RTX 3080 Ti,1,2.6.0+cu124,5.5.3,sdpa,jv_id,merged,0.30,4,70,11.52,925,575,-1,5,enc,78.0686
NVIDIA GeForce RTX 3080 Ti,1,2.6.0+cu124,5.5.3,sdpa,jv_id,merged,0.30,4,70,11.52,925,575,-1,6,enc,78.3729
NVIDIA GeForce RTX 3080 Ti,1,2.6.0+cu124,5.5.3,sdpa,jv_id,merged,0.30,4,70,11.52,925,575,-1,7,enc,79.1613
NVIDIA GeForce RTX 3080 Ti,1,2.6.0+cu124,5.5.3,sdpa,jv_id,merged,0.30,4,70,11.52,925,575,-1,8,enc,79.6211
NVIDIA GeForce RTX 3080 Ti,1,2.6.0+cu124,5.5.3,sdpa,jv_id,merged,0.30,4,70,11.52,925,575,-1,9,enc,79.4614
NVIDIA GeForce RTX 3080 Ti,1,2.6.0+cu124,5.5.3,sdpa,jv_id,merged,0.40,4,70,11.52,925,575,-1,0,enc,73.8550
NVIDIA GeForce RTX 3080 Ti,1,2.6.0+cu124,5.5.3,sdpa,jv_id,merged,0.40,4,70,11.52,925,575,-1,1,enc,73.7515
NVIDIA GeForce RTX 3080 Ti,1,2.6.0+cu124,5.5.3,sdpa,jv_id,merged,0.40,4,70,11.52,925,575,-1,2,enc,73.0870
NVIDIA GeForce RTX 3080 Ti,1,2.6.0+cu124,5.5.3,sdpa,jv_id,merged,0.40,4,70,11.52,925,575,-1,3,enc,73.5570
NVIDIA GeForce RTX 3080 Ti,1,2.6.0+cu124,5.5.3,sdpa,jv_id,merged,0.40,4,70,11.52,925,575,-1,4,enc,73.1074
NVIDIA GeForce RTX 3080 Ti,1,2.6.0+cu124,5.5.3,sdpa,jv_id,merged,0.40,4,70,11.52,925,575,-1,5,enc,73.7782
NVIDIA GeForce RTX 3080 Ti,1,2.6.0+cu124,5.5.3,sdpa,jv_id,merged,0.40,4,70,11.52,925,575,-1,6,enc,73.3901
NVIDIA GeForce RTX 3080 Ti,1,2.6.0+cu124,5.5.3,sdpa,jv_id,merged,0.40,4,70,11.52,925,575,-1,7,enc,73.8816
NVIDIA GeForce RTX 3080 Ti,1,2.6.0+cu124,5.5.3,sdpa,jv_id,merged,0.40,4,70,11.52,925,575,-1,8,enc,74.0966
NVIDIA GeForce RTX 3080 Ti,1,2.6.0+cu124,5.5.3,sdpa,jv_id,merged,0.40,4,70,11.52,925,575,-1,9,enc,74.2380
NVIDIA GeForce RTX 3080 Ti,1,2.6.0+cu124,5.5.3,sdpa,jv_id,baseline,0.00,5,71,20.34,488,1012,-1,0,enc,93.5916
NVIDIA GeForce RTX 3080 Ti,1,2.6.0+cu124,5.5.3,sdpa,jv_id,baseline,0.00,5,71,20.34,488,1012,-1,1,enc,93.2720
NVIDIA GeForce RTX 3080 Ti,1,2.6.0+cu124,5.5.3,sdpa,jv_id,baseline,0.00,5,71,20.34,488,1012,-1,2,enc,92.6188
NVIDIA GeForce RTX 3080 Ti,1,2.6.0+cu124,5.5.3,sdpa,jv_id,baseline,0.00,5,71,20.34,488,1012,-1,3,enc,92.8020
NVIDIA GeForce RTX 3080 Ti,1,2.6.0+cu124,5.5.3,sdpa,jv_id,baseline,0.00,5,71,20.34,488,1012,-1,4,enc,93.0765
NVIDIA GeForce RTX 3080 Ti,1,2.6.0+cu124,5.5.3,sdpa,jv_id,baseline,0.00,5,71,20.34,488,1012,-1,5,enc,93.2178
NVIDIA GeForce RTX 3080 Ti,1,2.6.0+cu124,5.5.3,sdpa,jv_id,baseline,0.00,5,71,20.34,488,1012,-1,6,enc,94.3329
NVIDIA GeForce RTX 3080 Ti,1,2.6.0+cu124,5.5.3,sdpa,jv_id,baseline,0.00,5,71,20.34,488,1012,-1,7,enc,94.1613
NVIDIA GeForce RTX 3080 Ti,1,2.6.0+cu124,5.5.3,sdpa,jv_id,baseline,0.00,5,71,20.34,488,1012,-1,8,enc,94.3493
NVIDIA GeForce RTX 3080 Ti,1,2.6.0+cu124,5.5.3,sdpa,jv_id,baseline,0.00,5,71,20.34,488,1012,-1,9,enc,94.8241
NVIDIA GeForce RTX 3080 Ti,1,2.6.0+cu124,5.5.3,sdpa,jv_id,merged,0.20,5,71,20.34,488,1012,-1,0,enc,84.3017
NVIDIA GeForce RTX 3080 Ti,1,2.6.0+cu124,5.5.3,sdpa,jv_id,merged,0.20,5,71,20.34,488,1012,-1,1,enc,84.2222
NVIDIA GeForce RTX 3080 Ti,1,2.6.0+cu124,5.5.3,sdpa,jv_id,merged,0.20,5,71,20.34,488,1012,-1,2,enc,84.2126
NVIDIA GeForce RTX 3080 Ti,1,2.6.0+cu124,5.5.3,sdpa,jv_id,merged,0.20,5,71,20.34,488,1012,-1,3,enc,84.5411
NVIDIA GeForce RTX 3080 Ti,1,2.6.0+cu124,5.5.3,sdpa,jv_id,merged,0.20,5,71,20.34,488,1012,-1,4,enc,84.0704
NVIDIA GeForce RTX 3080 Ti,1,2.6.0+cu124,5.5.3,sdpa,jv_id,merged,0.20,5,71,20.34,488,1012,-1,5,enc,91.9460
NVIDIA GeForce RTX 3080 Ti,1,2.6.0+cu124,5.5.3,sdpa,jv_id,merged,0.20,5,71,20.34,488,1012,-1,6,enc,85.1926
NVIDIA GeForce RTX 3080 Ti,1,2.6.0+cu124,5.5.3,sdpa,jv_id,merged,0.20,5,71,20.34,488,1012,-1,7,enc,84.0304
NVIDIA GeForce RTX 3080 Ti,1,2.6.0+cu124,5.5.3,sdpa,jv_id,merged,0.20,5,71,20.34,488,1012,-1,8,enc,84.2291
NVIDIA GeForce RTX 3080 Ti,1,2.6.0+cu124,5.5.3,sdpa,jv_id,merged,0.20,5,71,20.34,488,1012,-1,9,enc,84.1472
NVIDIA GeForce RTX 3080 Ti,1,2.6.0+cu124,5.5.3,sdpa,jv_id,merged,0.30,5,71,20.34,488,1012,-1,0,enc,78.5272
NVIDIA GeForce RTX 3080 Ti,1,2.6.0+cu124,5.5.3,sdpa,jv_id,merged,0.30,5,71,20.34,488,1012,-1,1,enc,80.5335
NVIDIA GeForce RTX 3080 Ti,1,2.6.0+cu124,5.5.3,sdpa,jv_id,merged,0.30,5,71,20.34,488,1012,-1,2,enc,81.1366
NVIDIA GeForce RTX 3080 Ti,1,2.6.0+cu124,5.5.3,sdpa,jv_id,merged,0.30,5,71,20.34,488,1012,-1,3,enc,79.6723
NVIDIA GeForce RTX 3080 Ti,1,2.6.0+cu124,5.5.3,sdpa,jv_id,merged,0.30,5,71,20.34,488,1012,-1,4,enc,79.2348
NVIDIA GeForce RTX 3080 Ti,1,2.6.0+cu124,5.5.3,sdpa,jv_id,merged,0.30,5,71,20.34,488,1012,-1,5,enc,79.0516
NVIDIA GeForce RTX 3080 Ti,1,2.6.0+cu124,5.5.3,sdpa,jv_id,merged,0.30,5,71,20.34,488,1012,-1,6,enc,78.7487
NVIDIA GeForce RTX 3080 Ti,1,2.6.0+cu124,5.5.3,sdpa,jv_id,merged,0.30,5,71,20.34,488,1012,-1,7,enc,78.4546
NVIDIA GeForce RTX 3080 Ti,1,2.6.0+cu124,5.5.3,sdpa,jv_id,merged,0.30,5,71,20.34,488,1012,-1,8,enc,78.5408
NVIDIA GeForce RTX 3080 Ti,1,2.6.0+cu124,5.5.3,sdpa,jv_id,merged,0.30,5,71,20.34,488,1012,-1,9,enc,78.5530
NVIDIA GeForce RTX 3080 Ti,1,2.6.0+cu124,5.5.3,sdpa,jv_id,merged,0.40,5,71,20.34,488,1012,-1,0,enc,74.3946
NVIDIA GeForce RTX 3080 Ti,1,2.6.0+cu124,5.5.3,sdpa,jv_id,merged,0.40,5,71,20.34,488,1012,-1,1,enc,74.1322
NVIDIA GeForce RTX 3080 Ti,1,2.6.0+cu124,5.5.3,sdpa,jv_id,merged,0.40,5,71,20.34,488,1012,-1,2,enc,73.8130
NVIDIA GeForce RTX 3080 Ti,1,2.6.0+cu124,5.5.3,sdpa,jv_id,merged,0.40,5,71,20.34,488,1012,-1,3,enc,74.5646
NVIDIA GeForce RTX 3080 Ti,1,2.6.0+cu124,5.5.3,sdpa,jv_id,merged,0.40,5,71,20.34,488,1012,-1,4,enc,74.0667
NVIDIA GeForce RTX 3080 Ti,1,2.6.0+cu124,5.5.3,sdpa,jv_id,merged,0.40,5,71,20.34,488,1012,-1,5,enc,73.6048
NVIDIA GeForce RTX 3080 Ti,1,2.6.0+cu124,5.5.3,sdpa,jv_id,merged,0.40,5,71,20.34,488,1012,-1,6,enc,73.2004
NVIDIA GeForce RTX 3080 Ti,1,2.6.0+cu124,5.5.3,sdpa,jv_id,merged,0.40,5,71,20.34,488,1012,-1,7,enc,73.1494
NVIDIA GeForce RTX 3080 Ti,1,2.6.0+cu124,5.5.3,sdpa,jv_id,merged,0.40,5,71,20.34,488,1012,-1,8,enc,73.6402
NVIDIA GeForce RTX 3080 Ti,1,2.6.0+cu124,5.5.3,sdpa,jv_id,merged,0.40,5,71,20.34,488,1012,-1,9,enc,73.2832
NVIDIA GeForce RTX 3080 Ti,1,2.6.0+cu124,5.5.3,sdpa,jv_id,baseline,0.00,6,72,9.30,1034,466,-1,0,enc,94.8497
NVIDIA GeForce RTX 3080 Ti,1,2.6.0+cu124,5.5.3,sdpa,jv_id,baseline,0.00,6,72,9.30,1034,466,-1,1,enc,93.9848
NVIDIA GeForce RTX 3080 Ti,1,2.6.0+cu124,5.5.3,sdpa,jv_id,baseline,0.00,6,72,9.30,1034,466,-1,2,enc,93.9151
NVIDIA GeForce RTX 3080 Ti,1,2.6.0+cu124,5.5.3,sdpa,jv_id,baseline,0.00,6,72,9.30,1034,466,-1,3,enc,94.1167
NVIDIA GeForce RTX 3080 Ti,1,2.6.0+cu124,5.5.3,sdpa,jv_id,baseline,0.00,6,72,9.30,1034,466,-1,4,enc,93.5465
NVIDIA GeForce RTX 3080 Ti,1,2.6.0+cu124,5.5.3,sdpa,jv_id,baseline,0.00,6,72,9.30,1034,466,-1,5,enc,92.5153
NVIDIA GeForce RTX 3080 Ti,1,2.6.0+cu124,5.5.3,sdpa,jv_id,baseline,0.00,6,72,9.30,1034,466,-1,6,enc,92.8614
NVIDIA GeForce RTX 3080 Ti,1,2.6.0+cu124,5.5.3,sdpa,jv_id,baseline,0.00,6,72,9.30,1034,466,-1,7,enc,92.8182
NVIDIA GeForce RTX 3080 Ti,1,2.6.0+cu124,5.5.3,sdpa,jv_id,baseline,0.00,6,72,9.30,1034,466,-1,8,enc,93.1788
NVIDIA GeForce RTX 3080 Ti,1,2.6.0+cu124,5.5.3,sdpa,jv_id,baseline,0.00,6,72,9.30,1034,466,-1,9,enc,94.2601
NVIDIA GeForce RTX 3080 Ti,1,2.6.0+cu124,5.5.3,sdpa,jv_id,merged,0.20,6,72,9.30,1034,466,-1,0,enc,84.7411
NVIDIA GeForce RTX 3080 Ti,1,2.6.0+cu124,5.5.3,sdpa,jv_id,merged,0.20,6,72,9.30,1034,466,-1,1,enc,84.3469
NVIDIA GeForce RTX 3080 Ti,1,2.6.0+cu124,5.5.3,sdpa,jv_id,merged,0.20,6,72,9.30,1034,466,-1,2,enc,84.6500
NVIDIA GeForce RTX 3080 Ti,1,2.6.0+cu124,5.5.3,sdpa,jv_id,merged,0.20,6,72,9.30,1034,466,-1,3,enc,84.1083
NVIDIA GeForce RTX 3080 Ti,1,2.6.0+cu124,5.5.3,sdpa,jv_id,merged,0.20,6,72,9.30,1034,466,-1,4,enc,85.2837
NVIDIA GeForce RTX 3080 Ti,1,2.6.0+cu124,5.5.3,sdpa,jv_id,merged,0.20,6,72,9.30,1034,466,-1,5,enc,85.0056
NVIDIA GeForce RTX 3080 Ti,1,2.6.0+cu124,5.5.3,sdpa,jv_id,merged,0.20,6,72,9.30,1034,466,-1,6,enc,85.0569
NVIDIA GeForce RTX 3080 Ti,1,2.6.0+cu124,5.5.3,sdpa,jv_id,merged,0.20,6,72,9.30,1034,466,-1,7,enc,85.5869
NVIDIA GeForce RTX 3080 Ti,1,2.6.0+cu124,5.5.3,sdpa,jv_id,merged,0.20,6,72,9.30,1034,466,-1,8,enc,85.5122
NVIDIA GeForce RTX 3080 Ti,1,2.6.0+cu124,5.5.3,sdpa,jv_id,merged,0.20,6,72,9.30,1034,466,-1,9,enc,85.2580
NVIDIA GeForce RTX 3080 Ti,1,2.6.0+cu124,5.5.3,sdpa,jv_id,merged,0.30,6,72,9.30,1034,466,-1,0,enc,78.4108
NVIDIA GeForce RTX 3080 Ti,1,2.6.0+cu124,5.5.3,sdpa,jv_id,merged,0.30,6,72,9.30,1034,466,-1,1,enc,78.3762
NVIDIA GeForce RTX 3080 Ti,1,2.6.0+cu124,5.5.3,sdpa,jv_id,merged,0.30,6,72,9.30,1034,466,-1,2,enc,78.3729
NVIDIA GeForce RTX 3080 Ti,1,2.6.0+cu124,5.5.3,sdpa,jv_id,merged,0.30,6,72,9.30,1034,466,-1,3,enc,77.8754
NVIDIA GeForce RTX 3080 Ti,1,2.6.0+cu124,5.5.3,sdpa,jv_id,merged,0.30,6,72,9.30,1034,466,-1,4,enc,78.6189
NVIDIA GeForce RTX 3080 Ti,1,2.6.0+cu124,5.5.3,sdpa,jv_id,merged,0.30,6,72,9.30,1034,466,-1,5,enc,80.7414
NVIDIA GeForce RTX 3080 Ti,1,2.6.0+cu124,5.5.3,sdpa,jv_id,merged,0.30,6,72,9.30,1034,466,-1,6,enc,86.4082
NVIDIA GeForce RTX 3080 Ti,1,2.6.0+cu124,5.5.3,sdpa,jv_id,merged,0.30,6,72,9.30,1034,466,-1,7,enc,79.5013
NVIDIA GeForce RTX 3080 Ti,1,2.6.0+cu124,5.5.3,sdpa,jv_id,merged,0.30,6,72,9.30,1034,466,-1,8,enc,78.7261
NVIDIA GeForce RTX 3080 Ti,1,2.6.0+cu124,5.5.3,sdpa,jv_id,merged,0.30,6,72,9.30,1034,466,-1,9,enc,78.3778
NVIDIA GeForce RTX 3080 Ti,1,2.6.0+cu124,5.5.3,sdpa,jv_id,merged,0.40,6,72,9.30,1034,466,-1,0,enc,73.9338
NVIDIA GeForce RTX 3080 Ti,1,2.6.0+cu124,5.5.3,sdpa,jv_id,merged,0.40,6,72,9.30,1034,466,-1,1,enc,73.0112
NVIDIA GeForce RTX 3080 Ti,1,2.6.0+cu124,5.5.3,sdpa,jv_id,merged,0.40,6,72,9.30,1034,466,-1,2,enc,73.6307
NVIDIA GeForce RTX 3080 Ti,1,2.6.0+cu124,5.5.3,sdpa,jv_id,merged,0.40,6,72,9.30,1034,466,-1,3,enc,75.1616
NVIDIA GeForce RTX 3080 Ti,1,2.6.0+cu124,5.5.3,sdpa,jv_id,merged,0.40,6,72,9.30,1034,466,-1,4,enc,74.6856
NVIDIA GeForce RTX 3080 Ti,1,2.6.0+cu124,5.5.3,sdpa,jv_id,merged,0.40,6,72,9.30,1034,466,-1,5,enc,74.1905
NVIDIA GeForce RTX 3080 Ti,1,2.6.0+cu124,5.5.3,sdpa,jv_id,merged,0.40,6,72,9.30,1034,466,-1,6,enc,73.7966
NVIDIA GeForce RTX 3080 Ti,1,2.6.0+cu124,5.5.3,sdpa,jv_id,merged,0.40,6,72,9.30,1034,466,-1,7,enc,73.3215
NVIDIA GeForce RTX 3080 Ti,1,2.6.0+cu124,5.5.3,sdpa,jv_id,merged,0.40,6,72,9.30,1034,466,-1,8,enc,73.6287
NVIDIA GeForce RTX 3080 Ti,1,2.6.0+cu124,5.5.3,sdpa,jv_id,merged,0.40,6,72,9.30,1034,466,-1,9,enc,73.1205
NVIDIA GeForce RTX 3080 Ti,1,2.6.0+cu124,5.5.3,sdpa,jv_id,baseline,0.00,7,72,22.80,359,1141,-1,0,enc,93.1428
NVIDIA GeForce RTX 3080 Ti,1,2.6.0+cu124,5.5.3,sdpa,jv_id,baseline,0.00,7,72,22.80,359,1141,-1,1,enc,93.0888
NVIDIA GeForce RTX 3080 Ti,1,2.6.0+cu124,5.5.3,sdpa,jv_id,baseline,0.00,7,72,22.80,359,1141,-1,2,enc,96.4833
NVIDIA GeForce RTX 3080 Ti,1,2.6.0+cu124,5.5.3,sdpa,jv_id,baseline,0.00,7,72,22.80,359,1141,-1,3,enc,96.1393
NVIDIA GeForce RTX 3080 Ti,1,2.6.0+cu124,5.5.3,sdpa,jv_id,baseline,0.00,7,72,22.80,359,1141,-1,4,enc,94.5418
NVIDIA GeForce RTX 3080 Ti,1,2.6.0+cu124,5.5.3,sdpa,jv_id,baseline,0.00,7,72,22.80,359,1141,-1,5,enc,93.1963
NVIDIA GeForce RTX 3080 Ti,1,2.6.0+cu124,5.5.3,sdpa,jv_id,baseline,0.00,7,72,22.80,359,1141,-1,6,enc,93.0775
NVIDIA GeForce RTX 3080 Ti,1,2.6.0+cu124,5.5.3,sdpa,jv_id,baseline,0.00,7,72,22.80,359,1141,-1,7,enc,93.1177
NVIDIA GeForce RTX 3080 Ti,1,2.6.0+cu124,5.5.3,sdpa,jv_id,baseline,0.00,7,72,22.80,359,1141,-1,8,enc,92.9451
NVIDIA GeForce RTX 3080 Ti,1,2.6.0+cu124,5.5.3,sdpa,jv_id,baseline,0.00,7,72,22.80,359,1141,-1,9,enc,93.4830
NVIDIA GeForce RTX 3080 Ti,1,2.6.0+cu124,5.5.3,sdpa,jv_id,merged,0.20,7,72,22.80,359,1141,-1,0,enc,85.4426
NVIDIA GeForce RTX 3080 Ti,1,2.6.0+cu124,5.5.3,sdpa,jv_id,merged,0.20,7,72,22.80,359,1141,-1,1,enc,84.8671
NVIDIA GeForce RTX 3080 Ti,1,2.6.0+cu124,5.5.3,sdpa,jv_id,merged,0.20,7,72,22.80,359,1141,-1,2,enc,84.7360
NVIDIA GeForce RTX 3080 Ti,1,2.6.0+cu124,5.5.3,sdpa,jv_id,merged,0.20,7,72,22.80,359,1141,-1,3,enc,84.8066
NVIDIA GeForce RTX 3080 Ti,1,2.6.0+cu124,5.5.3,sdpa,jv_id,merged,0.20,7,72,22.80,359,1141,-1,4,enc,84.3981
NVIDIA GeForce RTX 3080 Ti,1,2.6.0+cu124,5.5.3,sdpa,jv_id,merged,0.20,7,72,22.80,359,1141,-1,5,enc,84.8876
NVIDIA GeForce RTX 3080 Ti,1,2.6.0+cu124,5.5.3,sdpa,jv_id,merged,0.20,7,72,22.80,359,1141,-1,6,enc,84.3437
NVIDIA GeForce RTX 3080 Ti,1,2.6.0+cu124,5.5.3,sdpa,jv_id,merged,0.20,7,72,22.80,359,1141,-1,7,enc,85.2081
NVIDIA GeForce RTX 3080 Ti,1,2.6.0+cu124,5.5.3,sdpa,jv_id,merged,0.20,7,72,22.80,359,1141,-1,8,enc,85.0278
NVIDIA GeForce RTX 3080 Ti,1,2.6.0+cu124,5.5.3,sdpa,jv_id,merged,0.20,7,72,22.80,359,1141,-1,9,enc,86.1345
NVIDIA GeForce RTX 3080 Ti,1,2.6.0+cu124,5.5.3,sdpa,jv_id,merged,0.30,7,72,22.80,359,1141,-1,0,enc,78.9083
NVIDIA GeForce RTX 3080 Ti,1,2.6.0+cu124,5.5.3,sdpa,jv_id,merged,0.30,7,72,22.80,359,1141,-1,1,enc,78.6115
NVIDIA GeForce RTX 3080 Ti,1,2.6.0+cu124,5.5.3,sdpa,jv_id,merged,0.30,7,72,22.80,359,1141,-1,2,enc,79.1429
NVIDIA GeForce RTX 3080 Ti,1,2.6.0+cu124,5.5.3,sdpa,jv_id,merged,0.30,7,72,22.80,359,1141,-1,3,enc,79.4990
NVIDIA GeForce RTX 3080 Ti,1,2.6.0+cu124,5.5.3,sdpa,jv_id,merged,0.30,7,72,22.80,359,1141,-1,4,enc,79.3147
NVIDIA GeForce RTX 3080 Ti,1,2.6.0+cu124,5.5.3,sdpa,jv_id,merged,0.30,7,72,22.80,359,1141,-1,5,enc,79.6581
NVIDIA GeForce RTX 3080 Ti,1,2.6.0+cu124,5.5.3,sdpa,jv_id,merged,0.30,7,72,22.80,359,1141,-1,6,enc,79.8464
NVIDIA GeForce RTX 3080 Ti,1,2.6.0+cu124,5.5.3,sdpa,jv_id,merged,0.30,7,72,22.80,359,1141,-1,7,enc,80.1966
NVIDIA GeForce RTX 3080 Ti,1,2.6.0+cu124,5.5.3,sdpa,jv_id,merged,0.30,7,72,22.80,359,1141,-1,8,enc,80.2086
NVIDIA GeForce RTX 3080 Ti,1,2.6.0+cu124,5.5.3,sdpa,jv_id,merged,0.30,7,72,22.80,359,1141,-1,9,enc,79.6987
NVIDIA GeForce RTX 3080 Ti,1,2.6.0+cu124,5.5.3,sdpa,jv_id,merged,0.40,7,72,22.80,359,1141,-1,0,enc,73.2465
NVIDIA GeForce RTX 3080 Ti,1,2.6.0+cu124,5.5.3,sdpa,jv_id,merged,0.40,7,72,22.80,359,1141,-1,1,enc,73.6142
NVIDIA GeForce RTX 3080 Ti,1,2.6.0+cu124,5.5.3,sdpa,jv_id,merged,0.40,7,72,22.80,359,1141,-1,2,enc,73.6317
NVIDIA GeForce RTX 3080 Ti,1,2.6.0+cu124,5.5.3,sdpa,jv_id,merged,0.40,7,72,22.80,359,1141,-1,3,enc,73.3737
NVIDIA GeForce RTX 3080 Ti,1,2.6.0+cu124,5.5.3,sdpa,jv_id,merged,0.40,7,72,22.80,359,1141,-1,4,enc,73.1546
NVIDIA GeForce RTX 3080 Ti,1,2.6.0+cu124,5.5.3,sdpa,jv_id,merged,0.40,7,72,22.80,359,1141,-1,5,enc,73.2795
NVIDIA GeForce RTX 3080 Ti,1,2.6.0+cu124,5.5.3,sdpa,jv_id,merged,0.40,7,72,22.80,359,1141,-1,6,enc,78.9309
NVIDIA GeForce RTX 3080 Ti,1,2.6.0+cu124,5.5.3,sdpa,jv_id,merged,0.40,7,72,22.80,359,1141,-1,7,enc,78.9607
NVIDIA GeForce RTX 3080 Ti,1,2.6.0+cu124,5.5.3,sdpa,jv_id,merged,0.40,7,72,22.80,359,1141,-1,8,enc,74.1746
NVIDIA GeForce RTX 3080 Ti,1,2.6.0+cu124,5.5.3,sdpa,jv_id,merged,0.40,7,72,22.80,359,1141,-1,9,enc,73.5775
NVIDIA GeForce RTX 3080 Ti,1,2.6.0+cu124,5.5.3,sdpa,ln_cd,baseline,0.00,0,68,15.12,743,757,-1,0,enc,92.5603
NVIDIA GeForce RTX 3080 Ti,1,2.6.0+cu124,5.5.3,sdpa,ln_cd,baseline,0.00,0,68,15.12,743,757,-1,1,enc,92.7499
NVIDIA GeForce RTX 3080 Ti,1,2.6.0+cu124,5.5.3,sdpa,ln_cd,baseline,0.00,0,68,15.12,743,757,-1,2,enc,92.6085
NVIDIA GeForce RTX 3080 Ti,1,2.6.0+cu124,5.5.3,sdpa,ln_cd,baseline,0.00,0,68,15.12,743,757,-1,3,enc,92.4969
NVIDIA GeForce RTX 3080 Ti,1,2.6.0+cu124,5.5.3,sdpa,ln_cd,baseline,0.00,0,68,15.12,743,757,-1,4,enc,105.5109
NVIDIA GeForce RTX 3080 Ti,1,2.6.0+cu124,5.5.3,sdpa,ln_cd,baseline,0.00,0,68,15.12,743,757,-1,5,enc,94.8692
NVIDIA GeForce RTX 3080 Ti,1,2.6.0+cu124,5.5.3,sdpa,ln_cd,baseline,0.00,0,68,15.12,743,757,-1,6,enc,92.9956
NVIDIA GeForce RTX 3080 Ti,1,2.6.0+cu124,5.5.3,sdpa,ln_cd,baseline,0.00,0,68,15.12,743,757,-1,7,enc,92.6802
NVIDIA GeForce RTX 3080 Ti,1,2.6.0+cu124,5.5.3,sdpa,ln_cd,baseline,0.00,0,68,15.12,743,757,-1,8,enc,92.5999
NVIDIA GeForce RTX 3080 Ti,1,2.6.0+cu124,5.5.3,sdpa,ln_cd,baseline,0.00,0,68,15.12,743,757,-1,9,enc,92.6495
NVIDIA GeForce RTX 3080 Ti,1,2.6.0+cu124,5.5.3,sdpa,ln_cd,merged,0.20,0,68,15.12,743,757,-1,0,enc,86.9571
NVIDIA GeForce RTX 3080 Ti,1,2.6.0+cu124,5.5.3,sdpa,ln_cd,merged,0.20,0,68,15.12,743,757,-1,1,enc,86.3601
NVIDIA GeForce RTX 3080 Ti,1,2.6.0+cu124,5.5.3,sdpa,ln_cd,merged,0.20,0,68,15.12,743,757,-1,2,enc,85.4641
NVIDIA GeForce RTX 3080 Ti,1,2.6.0+cu124,5.5.3,sdpa,ln_cd,merged,0.20,0,68,15.12,743,757,-1,3,enc,84.3151
NVIDIA GeForce RTX 3080 Ti,1,2.6.0+cu124,5.5.3,sdpa,ln_cd,merged,0.20,0,68,15.12,743,757,-1,4,enc,84.7410
NVIDIA GeForce RTX 3080 Ti,1,2.6.0+cu124,5.5.3,sdpa,ln_cd,merged,0.20,0,68,15.12,743,757,-1,5,enc,84.5312
NVIDIA GeForce RTX 3080 Ti,1,2.6.0+cu124,5.5.3,sdpa,ln_cd,merged,0.20,0,68,15.12,743,757,-1,6,enc,84.3519
NVIDIA GeForce RTX 3080 Ti,1,2.6.0+cu124,5.5.3,sdpa,ln_cd,merged,0.20,0,68,15.12,743,757,-1,7,enc,84.3537
NVIDIA GeForce RTX 3080 Ti,1,2.6.0+cu124,5.5.3,sdpa,ln_cd,merged,0.20,0,68,15.12,743,757,-1,8,enc,84.3817
NVIDIA GeForce RTX 3080 Ti,1,2.6.0+cu124,5.5.3,sdpa,ln_cd,merged,0.20,0,68,15.12,743,757,-1,9,enc,85.2890
NVIDIA GeForce RTX 3080 Ti,1,2.6.0+cu124,5.5.3,sdpa,ln_cd,merged,0.30,0,68,15.12,743,757,-1,0,enc,78.8312
NVIDIA GeForce RTX 3080 Ti,1,2.6.0+cu124,5.5.3,sdpa,ln_cd,merged,0.30,0,68,15.12,743,757,-1,1,enc,79.2474
NVIDIA GeForce RTX 3080 Ti,1,2.6.0+cu124,5.5.3,sdpa,ln_cd,merged,0.30,0,68,15.12,743,757,-1,2,enc,78.7462
NVIDIA GeForce RTX 3080 Ti,1,2.6.0+cu124,5.5.3,sdpa,ln_cd,merged,0.30,0,68,15.12,743,757,-1,3,enc,78.2674
NVIDIA GeForce RTX 3080 Ti,1,2.6.0+cu124,5.5.3,sdpa,ln_cd,merged,0.30,0,68,15.12,743,757,-1,4,enc,78.7261
NVIDIA GeForce RTX 3080 Ti,1,2.6.0+cu124,5.5.3,sdpa,ln_cd,merged,0.30,0,68,15.12,743,757,-1,5,enc,78.7098
NVIDIA GeForce RTX 3080 Ti,1,2.6.0+cu124,5.5.3,sdpa,ln_cd,merged,0.30,0,68,15.12,743,757,-1,6,enc,78.7415
NVIDIA GeForce RTX 3080 Ti,1,2.6.0+cu124,5.5.3,sdpa,ln_cd,merged,0.30,0,68,15.12,743,757,-1,7,enc,79.5013
NVIDIA GeForce RTX 3080 Ti,1,2.6.0+cu124,5.5.3,sdpa,ln_cd,merged,0.30,0,68,15.12,743,757,-1,8,enc,80.3604
NVIDIA GeForce RTX 3080 Ti,1,2.6.0+cu124,5.5.3,sdpa,ln_cd,merged,0.30,0,68,15.12,743,757,-1,9,enc,80.2632
NVIDIA GeForce RTX 3080 Ti,1,2.6.0+cu124,5.5.3,sdpa,ln_cd,merged,0.40,0,68,15.12,743,757,-1,0,enc,73.2365
NVIDIA GeForce RTX 3080 Ti,1,2.6.0+cu124,5.5.3,sdpa,ln_cd,merged,0.40,0,68,15.12,743,757,-1,1,enc,73.7411
NVIDIA GeForce RTX 3080 Ti,1,2.6.0+cu124,5.5.3,sdpa,ln_cd,merged,0.40,0,68,15.12,743,757,-1,2,enc,73.4003
NVIDIA GeForce RTX 3080 Ti,1,2.6.0+cu124,5.5.3,sdpa,ln_cd,merged,0.40,0,68,15.12,743,757,-1,3,enc,73.8161
NVIDIA GeForce RTX 3080 Ti,1,2.6.0+cu124,5.5.3,sdpa,ln_cd,merged,0.40,0,68,15.12,743,757,-1,4,enc,74.1048
NVIDIA GeForce RTX 3080 Ti,1,2.6.0+cu124,5.5.3,sdpa,ln_cd,merged,0.40,0,68,15.12,743,757,-1,5,enc,74.0646
NVIDIA GeForce RTX 3080 Ti,1,2.6.0+cu124,5.5.3,sdpa,ln_cd,merged,0.40,0,68,15.12,743,757,-1,6,enc,74.6478
NVIDIA GeForce RTX 3080 Ti,1,2.6.0+cu124,5.5.3,sdpa,ln_cd,merged,0.40,0,68,15.12,743,757,-1,7,enc,74.4119
NVIDIA GeForce RTX 3080 Ti,1,2.6.0+cu124,5.5.3,sdpa,ln_cd,merged,0.40,0,68,15.12,743,757,-1,8,enc,74.5769
NVIDIA GeForce RTX 3080 Ti,1,2.6.0+cu124,5.5.3,sdpa,ln_cd,merged,0.40,0,68,15.12,743,757,-1,9,enc,74.4561
NVIDIA GeForce RTX 3080 Ti,1,2.6.0+cu124,5.5.3,sdpa,ln_cd,baseline,0.00,1,73,16.32,712,788,-1,0,enc,94.0081
NVIDIA GeForce RTX 3080 Ti,1,2.6.0+cu124,5.5.3,sdpa,ln_cd,baseline,0.00,1,73,16.32,712,788,-1,1,enc,93.6325
NVIDIA GeForce RTX 3080 Ti,1,2.6.0+cu124,5.5.3,sdpa,ln_cd,baseline,0.00,1,73,16.32,712,788,-1,2,enc,94.1649
NVIDIA GeForce RTX 3080 Ti,1,2.6.0+cu124,5.5.3,sdpa,ln_cd,baseline,0.00,1,73,16.32,712,788,-1,3,enc,94.0657
NVIDIA GeForce RTX 3080 Ti,1,2.6.0+cu124,5.5.3,sdpa,ln_cd,baseline,0.00,1,73,16.32,712,788,-1,4,enc,93.8895
NVIDIA GeForce RTX 3080 Ti,1,2.6.0+cu124,5.5.3,sdpa,ln_cd,baseline,0.00,1,73,16.32,712,788,-1,5,enc,93.5452
NVIDIA GeForce RTX 3080 Ti,1,2.6.0+cu124,5.5.3,sdpa,ln_cd,baseline,0.00,1,73,16.32,712,788,-1,6,enc,94.1423
NVIDIA GeForce RTX 3080 Ti,1,2.6.0+cu124,5.5.3,sdpa,ln_cd,baseline,0.00,1,73,16.32,712,788,-1,7,enc,94.5029
NVIDIA GeForce RTX 3080 Ti,1,2.6.0+cu124,5.5.3,sdpa,ln_cd,baseline,0.00,1,73,16.32,712,788,-1,8,enc,94.6759
NVIDIA GeForce RTX 3080 Ti,1,2.6.0+cu124,5.5.3,sdpa,ln_cd,baseline,0.00,1,73,16.32,712,788,-1,9,enc,94.3688
NVIDIA GeForce RTX 3080 Ti,1,2.6.0+cu124,5.5.3,sdpa,ln_cd,merged,0.20,1,73,16.32,712,788,-1,0,enc,84.6784
NVIDIA GeForce RTX 3080 Ti,1,2.6.0+cu124,5.5.3,sdpa,ln_cd,merged,0.20,1,73,16.32,712,788,-1,1,enc,84.4780
NVIDIA GeForce RTX 3080 Ti,1,2.6.0+cu124,5.5.3,sdpa,ln_cd,merged,0.20,1,73,16.32,712,788,-1,2,enc,84.8476
NVIDIA GeForce RTX 3080 Ti,1,2.6.0+cu124,5.5.3,sdpa,ln_cd,merged,0.20,1,73,16.32,712,788,-1,3,enc,84.8968
NVIDIA GeForce RTX 3080 Ti,1,2.6.0+cu124,5.5.3,sdpa,ln_cd,merged,0.20,1,73,16.32,712,788,-1,4,enc,86.1160
NVIDIA GeForce RTX 3080 Ti,1,2.6.0+cu124,5.5.3,sdpa,ln_cd,merged,0.20,1,73,16.32,712,788,-1,5,enc,93.3967
NVIDIA GeForce RTX 3080 Ti,1,2.6.0+cu124,5.5.3,sdpa,ln_cd,merged,0.20,1,73,16.32,712,788,-1,6,enc,84.9121
NVIDIA GeForce RTX 3080 Ti,1,2.6.0+cu124,5.5.3,sdpa,ln_cd,merged,0.20,1,73,16.32,712,788,-1,7,enc,84.4591
NVIDIA GeForce RTX 3080 Ti,1,2.6.0+cu124,5.5.3,sdpa,ln_cd,merged,0.20,1,73,16.32,712,788,-1,8,enc,84.6920
NVIDIA GeForce RTX 3080 Ti,1,2.6.0+cu124,5.5.3,sdpa,ln_cd,merged,0.20,1,73,16.32,712,788,-1,9,enc,84.4192
NVIDIA GeForce RTX 3080 Ti,1,2.6.0+cu124,5.5.3,sdpa,ln_cd,merged,0.30,1,73,16.32,712,788,-1,0,enc,79.3876
NVIDIA GeForce RTX 3080 Ti,1,2.6.0+cu124,5.5.3,sdpa,ln_cd,merged,0.30,1,73,16.32,712,788,-1,1,enc,81.5841
NVIDIA GeForce RTX 3080 Ti,1,2.6.0+cu124,5.5.3,sdpa,ln_cd,merged,0.30,1,73,16.32,712,788,-1,2,enc,81.1172
NVIDIA GeForce RTX 3080 Ti,1,2.6.0+cu124,5.5.3,sdpa,ln_cd,merged,0.30,1,73,16.32,712,788,-1,3,enc,79.8720
NVIDIA GeForce RTX 3080 Ti,1,2.6.0+cu124,5.5.3,sdpa,ln_cd,merged,0.30,1,73,16.32,712,788,-1,4,enc,79.1818
NVIDIA GeForce RTX 3080 Ti,1,2.6.0+cu124,5.5.3,sdpa,ln_cd,merged,0.30,1,73,16.32,712,788,-1,5,enc,79.0446
NVIDIA GeForce RTX 3080 Ti,1,2.6.0+cu124,5.5.3,sdpa,ln_cd,merged,0.30,1,73,16.32,712,788,-1,6,enc,78.9811
NVIDIA GeForce RTX 3080 Ti,1,2.6.0+cu124,5.5.3,sdpa,ln_cd,merged,0.30,1,73,16.32,712,788,-1,7,enc,79.0897
NVIDIA GeForce RTX 3080 Ti,1,2.6.0+cu124,5.5.3,sdpa,ln_cd,merged,0.30,1,73,16.32,712,788,-1,8,enc,78.5183
NVIDIA GeForce RTX 3080 Ti,1,2.6.0+cu124,5.5.3,sdpa,ln_cd,merged,0.30,1,73,16.32,712,788,-1,9,enc,78.7383
NVIDIA GeForce RTX 3080 Ti,1,2.6.0+cu124,5.5.3,sdpa,ln_cd,merged,0.40,1,73,16.32,712,788,-1,0,enc,74.9477
NVIDIA GeForce RTX 3080 Ti,1,2.6.0+cu124,5.5.3,sdpa,ln_cd,merged,0.40,1,73,16.32,712,788,-1,1,enc,74.4448
NVIDIA GeForce RTX 3080 Ti,1,2.6.0+cu124,5.5.3,sdpa,ln_cd,merged,0.40,1,73,16.32,712,788,-1,2,enc,74.0137
NVIDIA GeForce RTX 3080 Ti,1,2.6.0+cu124,5.5.3,sdpa,ln_cd,merged,0.40,1,73,16.32,712,788,-1,3,enc,73.8775
NVIDIA GeForce RTX 3080 Ti,1,2.6.0+cu124,5.5.3,sdpa,ln_cd,merged,0.40,1,73,16.32,712,788,-1,4,enc,73.4811
NVIDIA GeForce RTX 3080 Ti,1,2.6.0+cu124,5.5.3,sdpa,ln_cd,merged,0.40,1,73,16.32,712,788,-1,5,enc,73.5007
NVIDIA GeForce RTX 3080 Ti,1,2.6.0+cu124,5.5.3,sdpa,ln_cd,merged,0.40,1,73,16.32,712,788,-1,6,enc,73.7905
NVIDIA GeForce RTX 3080 Ti,1,2.6.0+cu124,5.5.3,sdpa,ln_cd,merged,0.40,1,73,16.32,712,788,-1,7,enc,73.8669
NVIDIA GeForce RTX 3080 Ti,1,2.6.0+cu124,5.5.3,sdpa,ln_cd,merged,0.40,1,73,16.32,712,788,-1,8,enc,73.8181
NVIDIA GeForce RTX 3080 Ti,1,2.6.0+cu124,5.5.3,sdpa,ln_cd,merged,0.40,1,73,16.32,712,788,-1,9,enc,73.3887
NVIDIA GeForce RTX 3080 Ti,1,2.6.0+cu124,5.5.3,sdpa,ln_cd,baseline,0.00,2,74,29.58,21,1479,-1,0,enc,95.6928
NVIDIA GeForce RTX 3080 Ti,1,2.6.0+cu124,5.5.3,sdpa,ln_cd,baseline,0.00,2,74,29.58,21,1479,-1,1,enc,95.5525
NVIDIA GeForce RTX 3080 Ti,1,2.6.0+cu124,5.5.3,sdpa,ln_cd,baseline,0.00,2,74,29.58,21,1479,-1,2,enc,94.8613
NVIDIA GeForce RTX 3080 Ti,1,2.6.0+cu124,5.5.3,sdpa,ln_cd,baseline,0.00,2,74,29.58,21,1479,-1,3,enc,94.1106
NVIDIA GeForce RTX 3080 Ti,1,2.6.0+cu124,5.5.3,sdpa,ln_cd,baseline,0.00,2,74,29.58,21,1479,-1,4,enc,93.8935
NVIDIA GeForce RTX 3080 Ti,1,2.6.0+cu124,5.5.3,sdpa,ln_cd,baseline,0.00,2,74,29.58,21,1479,-1,5,enc,93.1994
NVIDIA GeForce RTX 3080 Ti,1,2.6.0+cu124,5.5.3,sdpa,ln_cd,baseline,0.00,2,74,29.58,21,1479,-1,6,enc,93.6099
NVIDIA GeForce RTX 3080 Ti,1,2.6.0+cu124,5.5.3,sdpa,ln_cd,baseline,0.00,2,74,29.58,21,1479,-1,7,enc,93.9407
NVIDIA GeForce RTX 3080 Ti,1,2.6.0+cu124,5.5.3,sdpa,ln_cd,baseline,0.00,2,74,29.58,21,1479,-1,8,enc,94.0573
NVIDIA GeForce RTX 3080 Ti,1,2.6.0+cu124,5.5.3,sdpa,ln_cd,baseline,0.00,2,74,29.58,21,1479,-1,9,enc,94.6872
NVIDIA GeForce RTX 3080 Ti,1,2.6.0+cu124,5.5.3,sdpa,ln_cd,merged,0.20,2,74,29.58,21,1479,-1,0,enc,85.3443
NVIDIA GeForce RTX 3080 Ti,1,2.6.0+cu124,5.5.3,sdpa,ln_cd,merged,0.20,2,74,29.58,21,1479,-1,1,enc,84.5763
NVIDIA GeForce RTX 3080 Ti,1,2.6.0+cu124,5.5.3,sdpa,ln_cd,merged,0.20,2,74,29.58,21,1479,-1,2,enc,84.6551
NVIDIA GeForce RTX 3080 Ti,1,2.6.0+cu124,5.5.3,sdpa,ln_cd,merged,0.20,2,74,29.58,21,1479,-1,3,enc,85.0749
NVIDIA GeForce RTX 3080 Ti,1,2.6.0+cu124,5.5.3,sdpa,ln_cd,merged,0.20,2,74,29.58,21,1479,-1,4,enc,85.5460
NVIDIA GeForce RTX 3080 Ti,1,2.6.0+cu124,5.5.3,sdpa,ln_cd,merged,0.20,2,74,29.58,21,1479,-1,5,enc,85.6453
NVIDIA GeForce RTX 3080 Ti,1,2.6.0+cu124,5.5.3,sdpa,ln_cd,merged,0.20,2,74,29.58,21,1479,-1,6,enc,86.3754
NVIDIA GeForce RTX 3080 Ti,1,2.6.0+cu124,5.5.3,sdpa,ln_cd,merged,0.20,2,74,29.58,21,1479,-1,7,enc,86.3036
NVIDIA GeForce RTX 3080 Ti,1,2.6.0+cu124,5.5.3,sdpa,ln_cd,merged,0.20,2,74,29.58,21,1479,-1,8,enc,85.9515
NVIDIA GeForce RTX 3080 Ti,1,2.6.0+cu124,5.5.3,sdpa,ln_cd,merged,0.20,2,74,29.58,21,1479,-1,9,enc,86.0323
NVIDIA GeForce RTX 3080 Ti,1,2.6.0+cu124,5.5.3,sdpa,ln_cd,merged,0.30,2,74,29.58,21,1479,-1,0,enc,78.9369
NVIDIA GeForce RTX 3080 Ti,1,2.6.0+cu124,5.5.3,sdpa,ln_cd,merged,0.30,2,74,29.58,21,1479,-1,1,enc,79.1398
NVIDIA GeForce RTX 3080 Ti,1,2.6.0+cu124,5.5.3,sdpa,ln_cd,merged,0.30,2,74,29.58,21,1479,-1,2,enc,78.7323
NVIDIA GeForce RTX 3080 Ti,1,2.6.0+cu124,5.5.3,sdpa,ln_cd,merged,0.30,2,74,29.58,21,1479,-1,3,enc,78.9995
NVIDIA GeForce RTX 3080 Ti,1,2.6.0+cu124,5.5.3,sdpa,ln_cd,merged,0.30,2,74,29.58,21,1479,-1,4,enc,79.3422
NVIDIA GeForce RTX 3080 Ti,1,2.6.0+cu124,5.5.3,sdpa,ln_cd,merged,0.30,2,74,29.58,21,1479,-1,5,enc,82.1205
NVIDIA GeForce RTX 3080 Ti,1,2.6.0+cu124,5.5.3,sdpa,ln_cd,merged,0.30,2,74,29.58,21,1479,-1,6,enc,88.0462
NVIDIA GeForce RTX 3080 Ti,1,2.6.0+cu124,5.5.3,sdpa,ln_cd,merged,0.30,2,74,29.58,21,1479,-1,7,enc,79.3403
NVIDIA GeForce RTX 3080 Ti,1,2.6.0+cu124,5.5.3,sdpa,ln_cd,merged,0.30,2,74,29.58,21,1479,-1,8,enc,78.8767
NVIDIA GeForce RTX 3080 Ti,1,2.6.0+cu124,5.5.3,sdpa,ln_cd,merged,0.30,2,74,29.58,21,1479,-1,9,enc,79.1716
NVIDIA GeForce RTX 3080 Ti,1,2.6.0+cu124,5.5.3,sdpa,ln_cd,merged,0.40,2,74,29.58,21,1479,-1,0,enc,74.1540
NVIDIA GeForce RTX 3080 Ti,1,2.6.0+cu124,5.5.3,sdpa,ln_cd,merged,0.40,2,74,29.58,21,1479,-1,1,enc,73.4720
NVIDIA GeForce RTX 3080 Ti,1,2.6.0+cu124,5.5.3,sdpa,ln_cd,merged,0.40,2,74,29.58,21,1479,-1,2,enc,75.1216
NVIDIA GeForce RTX 3080 Ti,1,2.6.0+cu124,5.5.3,sdpa,ln_cd,merged,0.40,2,74,29.58,21,1479,-1,3,enc,76.4773
NVIDIA GeForce RTX 3080 Ti,1,2.6.0+cu124,5.5.3,sdpa,ln_cd,merged,0.40,2,74,29.58,21,1479,-1,4,enc,75.9897
NVIDIA GeForce RTX 3080 Ti,1,2.6.0+cu124,5.5.3,sdpa,ln_cd,merged,0.40,2,74,29.58,21,1479,-1,5,enc,74.6619
NVIDIA GeForce RTX 3080 Ti,1,2.6.0+cu124,5.5.3,sdpa,ln_cd,merged,0.40,2,74,29.58,21,1479,-1,6,enc,74.0844
NVIDIA GeForce RTX 3080 Ti,1,2.6.0+cu124,5.5.3,sdpa,ln_cd,merged,0.40,2,74,29.58,21,1479,-1,7,enc,73.6368
NVIDIA GeForce RTX 3080 Ti,1,2.6.0+cu124,5.5.3,sdpa,ln_cd,merged,0.40,2,74,29.58,21,1479,-1,8,enc,73.8314
NVIDIA GeForce RTX 3080 Ti,1,2.6.0+cu124,5.5.3,sdpa,ln_cd,merged,0.40,2,74,29.58,21,1479,-1,9,enc,73.6440
NVIDIA GeForce RTX 3080 Ti,1,2.6.0+cu124,5.5.3,sdpa,ln_cd,baseline,0.00,3,74,15.72,713,787,-1,0,enc,93.7677
NVIDIA GeForce RTX 3080 Ti,1,2.6.0+cu124,5.5.3,sdpa,ln_cd,baseline,0.00,3,74,15.72,713,787,-1,1,enc,94.5141
NVIDIA GeForce RTX 3080 Ti,1,2.6.0+cu124,5.5.3,sdpa,ln_cd,baseline,0.00,3,74,15.72,713,787,-1,2,enc,97.1868
NVIDIA GeForce RTX 3080 Ti,1,2.6.0+cu124,5.5.3,sdpa,ln_cd,baseline,0.00,3,74,15.72,713,787,-1,3,enc,96.2230
NVIDIA GeForce RTX 3080 Ti,1,2.6.0+cu124,5.5.3,sdpa,ln_cd,baseline,0.00,3,74,15.72,713,787,-1,4,enc,94.7179
NVIDIA GeForce RTX 3080 Ti,1,2.6.0+cu124,5.5.3,sdpa,ln_cd,baseline,0.00,3,74,15.72,713,787,-1,5,enc,93.5209
NVIDIA GeForce RTX 3080 Ti,1,2.6.0+cu124,5.5.3,sdpa,ln_cd,baseline,0.00,3,74,15.72,713,787,-1,6,enc,93.3140
NVIDIA GeForce RTX 3080 Ti,1,2.6.0+cu124,5.5.3,sdpa,ln_cd,baseline,0.00,3,74,15.72,713,787,-1,7,enc,93.8496
NVIDIA GeForce RTX 3080 Ti,1,2.6.0+cu124,5.5.3,sdpa,ln_cd,baseline,0.00,3,74,15.72,713,787,-1,8,enc,93.4758
NVIDIA GeForce RTX 3080 Ti,1,2.6.0+cu124,5.5.3,sdpa,ln_cd,baseline,0.00,3,74,15.72,713,787,-1,9,enc,93.7714
NVIDIA GeForce RTX 3080 Ti,1,2.6.0+cu124,5.5.3,sdpa,ln_cd,merged,0.20,3,74,15.72,713,787,-1,0,enc,85.4576
NVIDIA GeForce RTX 3080 Ti,1,2.6.0+cu124,5.5.3,sdpa,ln_cd,merged,0.20,3,74,15.72,713,787,-1,1,enc,85.7334
NVIDIA GeForce RTX 3080 Ti,1,2.6.0+cu124,5.5.3,sdpa,ln_cd,merged,0.20,3,74,15.72,713,787,-1,2,enc,84.6641
NVIDIA GeForce RTX 3080 Ti,1,2.6.0+cu124,5.5.3,sdpa,ln_cd,merged,0.20,3,74,15.72,713,787,-1,3,enc,85.0615
NVIDIA GeForce RTX 3080 Ti,1,2.6.0+cu124,5.5.3,sdpa,ln_cd,merged,0.20,3,74,15.72,713,787,-1,4,enc,85.3688
NVIDIA GeForce RTX 3080 Ti,1,2.6.0+cu124,5.5.3,sdpa,ln_cd,merged,0.20,3,74,15.72,713,787,-1,5,enc,84.4090
NVIDIA GeForce RTX 3080 Ti,1,2.6.0+cu124,5.5.3,sdpa,ln_cd,merged,0.20,3,74,15.72,713,787,-1,6,enc,85.0575
NVIDIA GeForce RTX 3080 Ti,1,2.6.0+cu124,5.5.3,sdpa,ln_cd,merged,0.20,3,74,15.72,713,787,-1,7,enc,85.9607
NVIDIA GeForce RTX 3080 Ti,1,2.6.0+cu124,5.5.3,sdpa,ln_cd,merged,0.20,3,74,15.72,713,787,-1,8,enc,86.0252
NVIDIA GeForce RTX 3080 Ti,1,2.6.0+cu124,5.5.3,sdpa,ln_cd,merged,0.20,3,74,15.72,713,787,-1,9,enc,86.8301
NVIDIA GeForce RTX 3080 Ti,1,2.6.0+cu124,5.5.3,sdpa,ln_cd,merged,0.30,3,74,15.72,713,787,-1,0,enc,79.2319
NVIDIA GeForce RTX 3080 Ti,1,2.6.0+cu124,5.5.3,sdpa,ln_cd,merged,0.30,3,74,15.72,713,787,-1,1,enc,79.3090
NVIDIA GeForce RTX 3080 Ti,1,2.6.0+cu124,5.5.3,sdpa,ln_cd,merged,0.30,3,74,15.72,713,787,-1,2,enc,78.8357
NVIDIA GeForce RTX 3080 Ti,1,2.6.0+cu124,5.5.3,sdpa,ln_cd,merged,0.30,3,74,15.72,713,787,-1,3,enc,79.5607
NVIDIA GeForce RTX 3080 Ti,1,2.6.0+cu124,5.5.3,sdpa,ln_cd,merged,0.30,3,74,15.72,713,787,-1,4,enc,80.1495
NVIDIA GeForce RTX 3080 Ti,1,2.6.0+cu124,5.5.3,sdpa,ln_cd,merged,0.30,3,74,15.72,713,787,-1,5,enc,80.4649
NVIDIA GeForce RTX 3080 Ti,1,2.6.0+cu124,5.5.3,sdpa,ln_cd,merged,0.30,3,74,15.72,713,787,-1,6,enc,80.6431
NVIDIA GeForce RTX 3080 Ti,1,2.6.0+cu124,5.5.3,sdpa,ln_cd,merged,0.30,3,74,15.72,713,787,-1,7,enc,80.7955
NVIDIA GeForce RTX 3080 Ti,1,2.6.0+cu124,5.5.3,sdpa,ln_cd,merged,0.30,3,74,15.72,713,787,-1,8,enc,80.3205
NVIDIA GeForce RTX 3080 Ti,1,2.6.0+cu124,5.5.3,sdpa,ln_cd,merged,0.30,3,74,15.72,713,787,-1,9,enc,79.9027
NVIDIA GeForce RTX 3080 Ti,1,2.6.0+cu124,5.5.3,sdpa,ln_cd,merged,0.40,3,74,15.72,713,787,-1,0,enc,73.7075
NVIDIA GeForce RTX 3080 Ti,1,2.6.0+cu124,5.5.3,sdpa,ln_cd,merged,0.40,3,74,15.72,713,787,-1,1,enc,73.4444
NVIDIA GeForce RTX 3080 Ti,1,2.6.0+cu124,5.5.3,sdpa,ln_cd,merged,0.40,3,74,15.72,713,787,-1,2,enc,74.0168
NVIDIA GeForce RTX 3080 Ti,1,2.6.0+cu124,5.5.3,sdpa,ln_cd,merged,0.40,3,74,15.72,713,787,-1,3,enc,73.9031
NVIDIA GeForce RTX 3080 Ti,1,2.6.0+cu124,5.5.3,sdpa,ln_cd,merged,0.40,3,74,15.72,713,787,-1,4,enc,73.8478
NVIDIA GeForce RTX 3080 Ti,1,2.6.0+cu124,5.5.3,sdpa,ln_cd,merged,0.40,3,74,15.72,713,787,-1,5,enc,73.7190
NVIDIA GeForce RTX 3080 Ti,1,2.6.0+cu124,5.5.3,sdpa,ln_cd,merged,0.40,3,74,15.72,713,787,-1,6,enc,80.5786
NVIDIA GeForce RTX 3080 Ti,1,2.6.0+cu124,5.5.3,sdpa,ln_cd,merged,0.40,3,74,15.72,713,787,-1,7,enc,77.9192
NVIDIA GeForce RTX 3080 Ti,1,2.6.0+cu124,5.5.3,sdpa,ln_cd,merged,0.40,3,74,15.72,713,787,-1,8,enc,73.7328
NVIDIA GeForce RTX 3080 Ti,1,2.6.0+cu124,5.5.3,sdpa,ln_cd,merged,0.40,3,74,15.72,713,787,-1,9,enc,74.0209
NVIDIA GeForce RTX 3080 Ti,1,2.6.0+cu124,5.5.3,sdpa,ln_cd,baseline,0.00,4,75,8.34,1111,389,-1,0,enc,93.2545
NVIDIA GeForce RTX 3080 Ti,1,2.6.0+cu124,5.5.3,sdpa,ln_cd,baseline,0.00,4,75,8.34,1111,389,-1,1,enc,93.4646
NVIDIA GeForce RTX 3080 Ti,1,2.6.0+cu124,5.5.3,sdpa,ln_cd,baseline,0.00,4,75,8.34,1111,389,-1,2,enc,93.3827
NVIDIA GeForce RTX 3080 Ti,1,2.6.0+cu124,5.5.3,sdpa,ln_cd,baseline,0.00,4,75,8.34,1111,389,-1,3,enc,94.3729
NVIDIA GeForce RTX 3080 Ti,1,2.6.0+cu124,5.5.3,sdpa,ln_cd,baseline,0.00,4,75,8.34,1111,389,-1,4,enc,106.1612
NVIDIA GeForce RTX 3080 Ti,1,2.6.0+cu124,5.5.3,sdpa,ln_cd,baseline,0.00,4,75,8.34,1111,389,-1,5,enc,94.8603
NVIDIA GeForce RTX 3080 Ti,1,2.6.0+cu124,5.5.3,sdpa,ln_cd,baseline,0.00,4,75,8.34,1111,389,-1,6,enc,93.9397
NVIDIA GeForce RTX 3080 Ti,1,2.6.0+cu124,5.5.3,sdpa,ln_cd,baseline,0.00,4,75,8.34,1111,389,-1,7,enc,93.7132
NVIDIA GeForce RTX 3080 Ti,1,2.6.0+cu124,5.5.3,sdpa,ln_cd,baseline,0.00,4,75,8.34,1111,389,-1,8,enc,93.1439
NVIDIA GeForce RTX 3080 Ti,1,2.6.0+cu124,5.5.3,sdpa,ln_cd,baseline,0.00,4,75,8.34,1111,389,-1,9,enc,93.5290
NVIDIA GeForce RTX 3080 Ti,1,2.6.0+cu124,5.5.3,sdpa,ln_cd,merged,0.20,4,75,8.34,1111,389,-1,0,enc,87.0431
NVIDIA GeForce RTX 3080 Ti,1,2.6.0+cu124,5.5.3,sdpa,ln_cd,merged,0.20,4,75,8.34,1111,389,-1,1,enc,86.3713
NVIDIA GeForce RTX 3080 Ti,1,2.6.0+cu124,5.5.3,sdpa,ln_cd,merged,0.20,4,75,8.34,1111,389,-1,2,enc,85.8652
NVIDIA GeForce RTX 3080 Ti,1,2.6.0+cu124,5.5.3,sdpa,ln_cd,merged,0.20,4,75,8.34,1111,389,-1,3,enc,85.4866
NVIDIA GeForce RTX 3080 Ti,1,2.6.0+cu124,5.5.3,sdpa,ln_cd,merged,0.20,4,75,8.34,1111,389,-1,4,enc,85.6975
NVIDIA GeForce RTX 3080 Ti,1,2.6.0+cu124,5.5.3,sdpa,ln_cd,merged,0.20,4,75,8.34,1111,389,-1,5,enc,84.6551
NVIDIA GeForce RTX 3080 Ti,1,2.6.0+cu124,5.5.3,sdpa,ln_cd,merged,0.20,4,75,8.34,1111,389,-1,6,enc,85.3002
NVIDIA GeForce RTX 3080 Ti,1,2.6.0+cu124,5.5.3,sdpa,ln_cd,merged,0.20,4,75,8.34,1111,389,-1,7,enc,84.7237
NVIDIA GeForce RTX 3080 Ti,1,2.6.0+cu124,5.5.3,sdpa,ln_cd,merged,0.20,4,75,8.34,1111,389,-1,8,enc,85.2826
NVIDIA GeForce RTX 3080 Ti,1,2.6.0+cu124,5.5.3,sdpa,ln_cd,merged,0.20,4,75,8.34,1111,389,-1,9,enc,84.9254
NVIDIA GeForce RTX 3080 Ti,1,2.6.0+cu124,5.5.3,sdpa,ln_cd,merged,0.30,4,75,8.34,1111,389,-1,0,enc,79.7339
NVIDIA GeForce RTX 3080 Ti,1,2.6.0+cu124,5.5.3,sdpa,ln_cd,merged,0.30,4,75,8.34,1111,389,-1,1,enc,79.9314
NVIDIA GeForce RTX 3080 Ti,1,2.6.0+cu124,5.5.3,sdpa,ln_cd,merged,0.30,4,75,8.34,1111,389,-1,2,enc,79.4296
NVIDIA GeForce RTX 3080 Ti,1,2.6.0+cu124,5.5.3,sdpa,ln_cd,merged,0.30,4,75,8.34,1111,389,-1,3,enc,79.2085
NVIDIA GeForce RTX 3080 Ti,1,2.6.0+cu124,5.5.3,sdpa,ln_cd,merged,0.30,4,75,8.34,1111,389,-1,4,enc,79.1050
NVIDIA GeForce RTX 3080 Ti,1,2.6.0+cu124,5.5.3,sdpa,ln_cd,merged,0.30,4,75,8.34,1111,389,-1,5,enc,79.1726
NVIDIA GeForce RTX 3080 Ti,1,2.6.0+cu124,5.5.3,sdpa,ln_cd,merged,0.30,4,75,8.34,1111,389,-1,6,enc,79.1652
NVIDIA GeForce RTX 3080 Ti,1,2.6.0+cu124,5.5.3,sdpa,ln_cd,merged,0.30,4,75,8.34,1111,389,-1,7,enc,79.6178
NVIDIA GeForce RTX 3080 Ti,1,2.6.0+cu124,5.5.3,sdpa,ln_cd,merged,0.30,4,75,8.34,1111,389,-1,8,enc,80.0553
NVIDIA GeForce RTX 3080 Ti,1,2.6.0+cu124,5.5.3,sdpa,ln_cd,merged,0.30,4,75,8.34,1111,389,-1,9,enc,80.0585
NVIDIA GeForce RTX 3080 Ti,1,2.6.0+cu124,5.5.3,sdpa,ln_cd,merged,0.40,4,75,8.34,1111,389,-1,0,enc,74.1181
NVIDIA GeForce RTX 3080 Ti,1,2.6.0+cu124,5.5.3,sdpa,ln_cd,merged,0.40,4,75,8.34,1111,389,-1,1,enc,73.6717
NVIDIA GeForce RTX 3080 Ti,1,2.6.0+cu124,5.5.3,sdpa,ln_cd,merged,0.40,4,75,8.34,1111,389,-1,2,enc,74.0485
NVIDIA GeForce RTX 3080 Ti,1,2.6.0+cu124,5.5.3,sdpa,ln_cd,merged,0.40,4,75,8.34,1111,389,-1,3,enc,74.1284
NVIDIA GeForce RTX 3080 Ti,1,2.6.0+cu124,5.5.3,sdpa,ln_cd,merged,0.40,4,75,8.34,1111,389,-1,4,enc,74.2226
NVIDIA GeForce RTX 3080 Ti,1,2.6.0+cu124,5.5.3,sdpa,ln_cd,merged,0.40,4,75,8.34,1111,389,-1,5,enc,73.9461
NVIDIA GeForce RTX 3080 Ti,1,2.6.0+cu124,5.5.3,sdpa,ln_cd,merged,0.40,4,75,8.34,1111,389,-1,6,enc,74.4970
NVIDIA GeForce RTX 3080 Ti,1,2.6.0+cu124,5.5.3,sdpa,ln_cd,merged,0.40,4,75,8.34,1111,389,-1,7,enc,74.8051
NVIDIA GeForce RTX 3080 Ti,1,2.6.0+cu124,5.5.3,sdpa,ln_cd,merged,0.40,4,75,8.34,1111,389,-1,8,enc,74.3455
NVIDIA GeForce RTX 3080 Ti,1,2.6.0+cu124,5.5.3,sdpa,ln_cd,merged,0.40,4,75,8.34,1111,389,-1,9,enc,74.7223
NVIDIA GeForce RTX 3080 Ti,1,2.6.0+cu124,5.5.3,sdpa,ln_cd,baseline,0.00,5,75,9.48,1031,469,-1,0,enc,94.5667
NVIDIA GeForce RTX 3080 Ti,1,2.6.0+cu124,5.5.3,sdpa,ln_cd,baseline,0.00,5,75,9.48,1031,469,-1,1,enc,93.9420
NVIDIA GeForce RTX 3080 Ti,1,2.6.0+cu124,5.5.3,sdpa,ln_cd,baseline,0.00,5,75,9.48,1031,469,-1,2,enc,93.5074
NVIDIA GeForce RTX 3080 Ti,1,2.6.0+cu124,5.5.3,sdpa,ln_cd,baseline,0.00,5,75,9.48,1031,469,-1,3,enc,94.1568
NVIDIA GeForce RTX 3080 Ti,1,2.6.0+cu124,5.5.3,sdpa,ln_cd,baseline,0.00,5,75,9.48,1031,469,-1,4,enc,94.5029
NVIDIA GeForce RTX 3080 Ti,1,2.6.0+cu124,5.5.3,sdpa,ln_cd,baseline,0.00,5,75,9.48,1031,469,-1,5,enc,94.3377
NVIDIA GeForce RTX 3080 Ti,1,2.6.0+cu124,5.5.3,sdpa,ln_cd,baseline,0.00,5,75,9.48,1031,469,-1,6,enc,95.4805
NVIDIA GeForce RTX 3080 Ti,1,2.6.0+cu124,5.5.3,sdpa,ln_cd,baseline,0.00,5,75,9.48,1031,469,-1,7,enc,95.5423
NVIDIA GeForce RTX 3080 Ti,1,2.6.0+cu124,5.5.3,sdpa,ln_cd,baseline,0.00,5,75,9.48,1031,469,-1,8,enc,95.3538
NVIDIA GeForce RTX 3080 Ti,1,2.6.0+cu124,5.5.3,sdpa,ln_cd,baseline,0.00,5,75,9.48,1031,469,-1,9,enc,94.8337
NVIDIA GeForce RTX 3080 Ti,1,2.6.0+cu124,5.5.3,sdpa,ln_cd,merged,0.20,5,75,9.48,1031,469,-1,0,enc,84.7206
NVIDIA GeForce RTX 3080 Ti,1,2.6.0+cu124,5.5.3,sdpa,ln_cd,merged,0.20,5,75,9.48,1031,469,-1,1,enc,85.0961
NVIDIA GeForce RTX 3080 Ti,1,2.6.0+cu124,5.5.3,sdpa,ln_cd,merged,0.20,5,75,9.48,1031,469,-1,2,enc,84.8056
NVIDIA GeForce RTX 3080 Ti,1,2.6.0+cu124,5.5.3,sdpa,ln_cd,merged,0.20,5,75,9.48,1031,469,-1,3,enc,85.3504
NVIDIA GeForce RTX 3080 Ti,1,2.6.0+cu124,5.5.3,sdpa,ln_cd,merged,0.20,5,75,9.48,1031,469,-1,4,enc,85.6801
NVIDIA GeForce RTX 3080 Ti,1,2.6.0+cu124,5.5.3,sdpa,ln_cd,merged,0.20,5,75,9.48,1031,469,-1,5,enc,95.4225
NVIDIA GeForce RTX 3080 Ti,1,2.6.0+cu124,5.5.3,sdpa,ln_cd,merged,0.20,5,75,9.48,1031,469,-1,6,enc,85.7030
NVIDIA GeForce RTX 3080 Ti,1,2.6.0+cu124,5.5.3,sdpa,ln_cd,merged,0.20,5,75,9.48,1031,469,-1,7,enc,84.7196
NVIDIA GeForce RTX 3080 Ti,1,2.6.0+cu124,5.5.3,sdpa,ln_cd,merged,0.20,5,75,9.48,1031,469,-1,8,enc,84.8220
NVIDIA GeForce RTX 3080 Ti,1,2.6.0+cu124,5.5.3,sdpa,ln_cd,merged,0.20,5,75,9.48,1031,469,-1,9,enc,85.8828
NVIDIA GeForce RTX 3080 Ti,1,2.6.0+cu124,5.5.3,sdpa,ln_cd,merged,0.30,5,75,9.48,1031,469,-1,0,enc,79.6867
NVIDIA GeForce RTX 3080 Ti,1,2.6.0+cu124,5.5.3,sdpa,ln_cd,merged,0.30,5,75,9.48,1031,469,-1,1,enc,82.0859
NVIDIA GeForce RTX 3080 Ti,1,2.6.0+cu124,5.5.3,sdpa,ln_cd,merged,0.30,5,75,9.48,1031,469,-1,2,enc,81.6056
NVIDIA GeForce RTX 3080 Ti,1,2.6.0+cu124,5.5.3,sdpa,ln_cd,merged,0.30,5,75,9.48,1031,469,-1,3,enc,80.4639
NVIDIA GeForce RTX 3080 Ti,1,2.6.0+cu124,5.5.3,sdpa,ln_cd,merged,0.30,5,75,9.48,1031,469,-1,4,enc,79.5532
NVIDIA GeForce RTX 3080 Ti,1,2.6.0+cu124,5.5.3,sdpa,ln_cd,merged,0.30,5,75,9.48,1031,469,-1,5,enc,78.9411
NVIDIA GeForce RTX 3080 Ti,1,2.6.0+cu124,5.5.3,sdpa,ln_cd,merged,0.30,5,75,9.48,1031,469,-1,6,enc,79.3414
NVIDIA GeForce RTX 3080 Ti,1,2.6.0+cu124,5.5.3,sdpa,ln_cd,merged,0.30,5,75,9.48,1031,469,-1,7,enc,79.0608
NVIDIA GeForce RTX 3080 Ti,1,2.6.0+cu124,5.5.3,sdpa,ln_cd,merged,0.30,5,75,9.48,1031,469,-1,8,enc,79.4194
NVIDIA GeForce RTX 3080 Ti,1,2.6.0+cu124,5.5.3,sdpa,ln_cd,merged,0.30,5,75,9.48,1031,469,-1,9,enc,78.9740
NVIDIA GeForce RTX 3080 Ti,1,2.6.0+cu124,5.5.3,sdpa,ln_cd,merged,0.40,5,75,9.48,1031,469,-1,0,enc,77.3161
NVIDIA GeForce RTX 3080 Ti,1,2.6.0+cu124,5.5.3,sdpa,ln_cd,merged,0.40,5,75,9.48,1031,469,-1,1,enc,74.5708
NVIDIA GeForce RTX 3080 Ti,1,2.6.0+cu124,5.5.3,sdpa,ln_cd,merged,0.40,5,75,9.48,1031,469,-1,2,enc,74.4918
NVIDIA GeForce RTX 3080 Ti,1,2.6.0+cu124,5.5.3,sdpa,ln_cd,merged,0.40,5,75,9.48,1031,469,-1,3,enc,74.0256
NVIDIA GeForce RTX 3080 Ti,1,2.6.0+cu124,5.5.3,sdpa,ln_cd,merged,0.40,5,75,9.48,1031,469,-1,4,enc,74.4038
NVIDIA GeForce RTX 3080 Ti,1,2.6.0+cu124,5.5.3,sdpa,ln_cd,merged,0.40,5,75,9.48,1031,469,-1,5,enc,73.9560
NVIDIA GeForce RTX 3080 Ti,1,2.6.0+cu124,5.5.3,sdpa,ln_cd,merged,0.40,5,75,9.48,1031,469,-1,6,enc,73.5547
NVIDIA GeForce RTX 3080 Ti,1,2.6.0+cu124,5.5.3,sdpa,ln_cd,merged,0.40,5,75,9.48,1031,469,-1,7,enc,73.9943
NVIDIA GeForce RTX 3080 Ti,1,2.6.0+cu124,5.5.3,sdpa,ln_cd,merged,0.40,5,75,9.48,1031,469,-1,8,enc,74.2646
NVIDIA GeForce RTX 3080 Ti,1,2.6.0+cu124,5.5.3,sdpa,ln_cd,merged,0.40,5,75,9.48,1031,469,-1,9,enc,74.3710
NVIDIA GeForce RTX 3080 Ti,1,2.6.0+cu124,5.5.3,sdpa,ln_cd,baseline,0.00,6,76,14.16,791,709,-1,0,enc,96.4137
NVIDIA GeForce RTX 3080 Ti,1,2.6.0+cu124,5.5.3,sdpa,ln_cd,baseline,0.00,6,76,14.16,791,709,-1,1,enc,95.6590
NVIDIA GeForce RTX 3080 Ti,1,2.6.0+cu124,5.5.3,sdpa,ln_cd,baseline,0.00,6,76,14.16,791,709,-1,2,enc,94.8625
NVIDIA GeForce RTX 3080 Ti,1,2.6.0+cu124,5.5.3,sdpa,ln_cd,baseline,0.00,6,76,14.16,791,709,-1,3,enc,94.3053
NVIDIA GeForce RTX 3080 Ti,1,2.6.0+cu124,5.5.3,sdpa,ln_cd,baseline,0.00,6,76,14.16,791,709,-1,4,enc,94.0984
NVIDIA GeForce RTX 3080 Ti,1,2.6.0+cu124,5.5.3,sdpa,ln_cd,baseline,0.00,6,76,14.16,791,709,-1,5,enc,94.1087
NVIDIA GeForce RTX 3080 Ti,1,2.6.0+cu124,5.5.3,sdpa,ln_cd,baseline,0.00,6,76,14.16,791,709,-1,6,enc,93.7115
NVIDIA GeForce RTX 3080 Ti,1,2.6.0+cu124,5.5.3,sdpa,ln_cd,baseline,0.00,6,76,14.16,791,709,-1,7,enc,93.9626
NVIDIA GeForce RTX 3080 Ti,1,2.6.0+cu124,5.5.3,sdpa,ln_cd,baseline,0.00,6,76,14.16,791,709,-1,8,enc,94.5039
NVIDIA GeForce RTX 3080 Ti,1,2.6.0+cu124,5.5.3,sdpa,ln_cd,baseline,0.00,6,76,14.16,791,709,-1,9,enc,95.4108
NVIDIA GeForce RTX 3080 Ti,1,2.6.0+cu124,5.5.3,sdpa,ln_cd,merged,0.20,6,76,14.16,791,709,-1,0,enc,85.5108
NVIDIA GeForce RTX 3080 Ti,1,2.6.0+cu124,5.5.3,sdpa,ln_cd,merged,0.20,6,76,14.16,791,709,-1,1,enc,85.3203
NVIDIA GeForce RTX 3080 Ti,1,2.6.0+cu124,5.5.3,sdpa,ln_cd,merged,0.20,6,76,14.16,791,709,-1,2,enc,85.1446
NVIDIA GeForce RTX 3080 Ti,1,2.6.0+cu124,5.5.3,sdpa,ln_cd,merged,0.20,6,76,14.16,791,709,-1,3,enc,85.5112
NVIDIA GeForce RTX 3080 Ti,1,2.6.0+cu124,5.5.3,sdpa,ln_cd,merged,0.20,6,76,14.16,791,709,-1,4,enc,85.2340
NVIDIA GeForce RTX 3080 Ti,1,2.6.0+cu124,5.5.3,sdpa,ln_cd,merged,0.20,6,76,14.16,791,709,-1,5,enc,86.3251
NVIDIA GeForce RTX 3080 Ti,1,2.6.0+cu124,5.5.3,sdpa,ln_cd,merged,0.20,6,76,14.16,791,709,-1,6,enc,86.5085
NVIDIA GeForce RTX 3080 Ti,1,2.6.0+cu124,5.5.3,sdpa,ln_cd,merged,0.20,6,76,14.16,791,709,-1,7,enc,86.6906
NVIDIA GeForce RTX 3080 Ti,1,2.6.0+cu124,5.5.3,sdpa,ln_cd,merged,0.20,6,76,14.16,791,709,-1,8,enc,86.7685
NVIDIA GeForce RTX 3080 Ti,1,2.6.0+cu124,5.5.3,sdpa,ln_cd,merged,0.20,6,76,14.16,791,709,-1,9,enc,86.1481
NVIDIA GeForce RTX 3080 Ti,1,2.6.0+cu124,5.5.3,sdpa,ln_cd,merged,0.30,6,76,14.16,791,709,-1,0,enc,79.0272
NVIDIA GeForce RTX 3080 Ti,1,2.6.0+cu124,5.5.3,sdpa,ln_cd,merged,0.30,6,76,14.16,791,709,-1,1,enc,79.1613
NVIDIA GeForce RTX 3080 Ti,1,2.6.0+cu124,5.5.3,sdpa,ln_cd,merged,0.30,6,76,14.16,791,709,-1,2,enc,79.2484
NVIDIA GeForce RTX 3080 Ti,1,2.6.0+cu124,5.5.3,sdpa,ln_cd,merged,0.30,6,76,14.16,791,709,-1,3,enc,79.4767
NVIDIA GeForce RTX 3080 Ti,1,2.6.0+cu124,5.5.3,sdpa,ln_cd,merged,0.30,6,76,14.16,791,709,-1,4,enc,79.7829
NVIDIA GeForce RTX 3080 Ti,1,2.6.0+cu124,5.5.3,sdpa,ln_cd,merged,0.30,6,76,14.16,791,709,-1,5,enc,83.6945
NVIDIA GeForce RTX 3080 Ti,1,2.6.0+cu124,5.5.3,sdpa,ln_cd,merged,0.30,6,76,14.16,791,709,-1,6,enc,87.1148
NVIDIA GeForce RTX 3080 Ti,1,2.6.0+cu124,5.5.3,sdpa,ln_cd,merged,0.30,6,76,14.16,791,709,-1,7,enc,79.4552
NVIDIA GeForce RTX 3080 Ti,1,2.6.0+cu124,5.5.3,sdpa,ln_cd,merged,0.30,6,76,14.16,791,709,-1,8,enc,79.1869
NVIDIA GeForce RTX 3080 Ti,1,2.6.0+cu124,5.5.3,sdpa,ln_cd,merged,0.30,6,76,14.16,791,709,-1,9,enc,79.4921
NVIDIA GeForce RTX 3080 Ti,1,2.6.0+cu124,5.5.3,sdpa,ln_cd,merged,0.40,6,76,14.16,791,709,-1,0,enc,74.2697
NVIDIA GeForce RTX 3080 Ti,1,2.6.0+cu124,5.5.3,sdpa,ln_cd,merged,0.40,6,76,14.16,791,709,-1,1,enc,73.9799
NVIDIA GeForce RTX 3080 Ti,1,2.6.0+cu124,5.5.3,sdpa,ln_cd,merged,0.40,6,76,14.16,791,709,-1,2,enc,75.5084
NVIDIA GeForce RTX 3080 Ti,1,2.6.0+cu124,5.5.3,sdpa,ln_cd,merged,0.40,6,76,14.16,791,709,-1,3,enc,76.7560
NVIDIA GeForce RTX 3080 Ti,1,2.6.0+cu124,5.5.3,sdpa,ln_cd,merged,0.40,6,76,14.16,791,709,-1,4,enc,75.8272
NVIDIA GeForce RTX 3080 Ti,1,2.6.0+cu124,5.5.3,sdpa,ln_cd,merged,0.40,6,76,14.16,791,709,-1,5,enc,74.8923
NVIDIA GeForce RTX 3080 Ti,1,2.6.0+cu124,5.5.3,sdpa,ln_cd,merged,0.40,6,76,14.16,791,709,-1,6,enc,74.8806
NVIDIA GeForce RTX 3080 Ti,1,2.6.0+cu124,5.5.3,sdpa,ln_cd,merged,0.40,6,76,14.16,791,709,-1,7,enc,74.3136
NVIDIA GeForce RTX 3080 Ti,1,2.6.0+cu124,5.5.3,sdpa,ln_cd,merged,0.40,6,76,14.16,791,709,-1,8,enc,73.9246
NVIDIA GeForce RTX 3080 Ti,1,2.6.0+cu124,5.5.3,sdpa,ln_cd,merged,0.40,6,76,14.16,791,709,-1,9,enc,74.1372
NVIDIA GeForce RTX 3080 Ti,1,2.6.0+cu124,5.5.3,sdpa,ln_cd,baseline,0.00,7,76,25.08,245,1255,-1,0,enc,93.9752
NVIDIA GeForce RTX 3080 Ti,1,2.6.0+cu124,5.5.3,sdpa,ln_cd,baseline,0.00,7,76,25.08,245,1255,-1,1,enc,96.1342
NVIDIA GeForce RTX 3080 Ti,1,2.6.0+cu124,5.5.3,sdpa,ln_cd,baseline,0.00,7,76,25.08,245,1255,-1,2,enc,98.8160
NVIDIA GeForce RTX 3080 Ti,1,2.6.0+cu124,5.5.3,sdpa,ln_cd,baseline,0.00,7,76,25.08,245,1255,-1,3,enc,96.7533
NVIDIA GeForce RTX 3080 Ti,1,2.6.0+cu124,5.5.3,sdpa,ln_cd,baseline,0.00,7,76,25.08,245,1255,-1,4,enc,94.1763
NVIDIA GeForce RTX 3080 Ti,1,2.6.0+cu124,5.5.3,sdpa,ln_cd,baseline,0.00,7,76,25.08,245,1255,-1,5,enc,93.9346
NVIDIA GeForce RTX 3080 Ti,1,2.6.0+cu124,5.5.3,sdpa,ln_cd,baseline,0.00,7,76,25.08,245,1255,-1,6,enc,94.6903
NVIDIA GeForce RTX 3080 Ti,1,2.6.0+cu124,5.5.3,sdpa,ln_cd,baseline,0.00,7,76,25.08,245,1255,-1,7,enc,94.4278
NVIDIA GeForce RTX 3080 Ti,1,2.6.0+cu124,5.5.3,sdpa,ln_cd,baseline,0.00,7,76,25.08,245,1255,-1,8,enc,93.9437
NVIDIA GeForce RTX 3080 Ti,1,2.6.0+cu124,5.5.3,sdpa,ln_cd,baseline,0.00,7,76,25.08,245,1255,-1,9,enc,93.8906
NVIDIA GeForce RTX 3080 Ti,1,2.6.0+cu124,5.5.3,sdpa,ln_cd,merged,0.20,7,76,25.08,245,1255,-1,0,enc,85.9757
NVIDIA GeForce RTX 3080 Ti,1,2.6.0+cu124,5.5.3,sdpa,ln_cd,merged,0.20,7,76,25.08,245,1255,-1,1,enc,85.8552
NVIDIA GeForce RTX 3080 Ti,1,2.6.0+cu124,5.5.3,sdpa,ln_cd,merged,0.20,7,76,25.08,245,1255,-1,2,enc,85.2006
NVIDIA GeForce RTX 3080 Ti,1,2.6.0+cu124,5.5.3,sdpa,ln_cd,merged,0.20,7,76,25.08,245,1255,-1,3,enc,85.3074
NVIDIA GeForce RTX 3080 Ti,1,2.6.0+cu124,5.5.3,sdpa,ln_cd,merged,0.20,7,76,25.08,245,1255,-1,4,enc,85.5767
NVIDIA GeForce RTX 3080 Ti,1,2.6.0+cu124,5.5.3,sdpa,ln_cd,merged,0.20,7,76,25.08,245,1255,-1,5,enc,85.6813
NVIDIA GeForce RTX 3080 Ti,1,2.6.0+cu124,5.5.3,sdpa,ln_cd,merged,0.20,7,76,25.08,245,1255,-1,6,enc,85.5040
NVIDIA GeForce RTX 3080 Ti,1,2.6.0+cu124,5.5.3,sdpa,ln_cd,merged,0.20,7,76,25.08,245,1255,-1,7,enc,85.4650
NVIDIA GeForce RTX 3080 Ti,1,2.6.0+cu124,5.5.3,sdpa,ln_cd,merged,0.20,7,76,25.08,245,1255,-1,8,enc,86.5833
NVIDIA GeForce RTX 3080 Ti,1,2.6.0+cu124,5.5.3,sdpa,ln_cd,merged,0.20,7,76,25.08,245,1255,-1,9,enc,87.0223
NVIDIA GeForce RTX 3080 Ti,1,2.6.0+cu124,5.5.3,sdpa,ln_cd,merged,0.30,7,76,25.08,245,1255,-1,0,enc,79.3301
NVIDIA GeForce RTX 3080 Ti,1,2.6.0+cu124,5.5.3,sdpa,ln_cd,merged,0.30,7,76,25.08,245,1255,-1,1,enc,79.6774
NVIDIA GeForce RTX 3080 Ti,1,2.6.0+cu124,5.5.3,sdpa,ln_cd,merged,0.30,7,76,25.08,245,1255,-1,2,enc,79.8758
NVIDIA GeForce RTX 3080 Ti,1,2.6.0+cu124,5.5.3,sdpa,ln_cd,merged,0.30,7,76,25.08,245,1255,-1,3,enc,79.9201
NVIDIA GeForce RTX 3080 Ti,1,2.6.0+cu124,5.5.3,sdpa,ln_cd,merged,0.30,7,76,25.08,245,1255,-1,4,enc,79.8576
NVIDIA GeForce RTX 3080 Ti,1,2.6.0+cu124,5.5.3,sdpa,ln_cd,merged,0.30,7,76,25.08,245,1255,-1,5,enc,80.3430
NVIDIA GeForce RTX 3080 Ti,1,2.6.0+cu124,5.5.3,sdpa,ln_cd,merged,0.30,7,76,25.08,245,1255,-1,6,enc,80.8131
NVIDIA GeForce RTX 3080 Ti,1,2.6.0+cu124,5.5.3,sdpa,ln_cd,merged,0.30,7,76,25.08,245,1255,-1,7,enc,80.5687
NVIDIA GeForce RTX 3080 Ti,1,2.6.0+cu124,5.5.3,sdpa,ln_cd,merged,0.30,7,76,25.08,245,1255,-1,8,enc,80.5270
NVIDIA GeForce RTX 3080 Ti,1,2.6.0+cu124,5.5.3,sdpa,ln_cd,merged,0.30,7,76,25.08,245,1255,-1,9,enc,79.9846
NVIDIA GeForce RTX 3080 Ti,1,2.6.0+cu124,5.5.3,sdpa,ln_cd,merged,0.40,7,76,25.08,245,1255,-1,0,enc,73.9011
NVIDIA GeForce RTX 3080 Ti,1,2.6.0+cu124,5.5.3,sdpa,ln_cd,merged,0.40,7,76,25.08,245,1255,-1,1,enc,74.2605
NVIDIA GeForce RTX 3080 Ti,1,2.6.0+cu124,5.5.3,sdpa,ln_cd,merged,0.40,7,76,25.08,245,1255,-1,2,enc,74.1745
NVIDIA GeForce RTX 3080 Ti,1,2.6.0+cu124,5.5.3,sdpa,ln_cd,merged,0.40,7,76,25.08,245,1255,-1,3,enc,74.1908
NVIDIA GeForce RTX 3080 Ti,1,2.6.0+cu124,5.5.3,sdpa,ln_cd,merged,0.40,7,76,25.08,245,1255,-1,4,enc,74.3082
NVIDIA GeForce RTX 3080 Ti,1,2.6.0+cu124,5.5.3,sdpa,ln_cd,merged,0.40,7,76,25.08,245,1255,-1,5,enc,74.6303
NVIDIA GeForce RTX 3080 Ti,1,2.6.0+cu124,5.5.3,sdpa,ln_cd,merged,0.40,7,76,25.08,245,1255,-1,6,enc,82.6839
NVIDIA GeForce RTX 3080 Ti,1,2.6.0+cu124,5.5.3,sdpa,ln_cd,merged,0.40,7,76,25.08,245,1255,-1,7,enc,77.4380
NVIDIA GeForce RTX 3080 Ti,1,2.6.0+cu124,5.5.3,sdpa,ln_cd,merged,0.40,7,76,25.08,245,1255,-1,8,enc,74.0219
NVIDIA GeForce RTX 3080 Ti,1,2.6.0+cu124,5.5.3,sdpa,ln_cd,merged,0.40,7,76,25.08,245,1255,-1,9,enc,74.0709
NVIDIA GeForce RTX 3080 Ti,1,2.6.0+cu124,5.5.3,sdpa,mt_mt,baseline,0.00,0,71,13.74,812,688,-1,0,enc,93.4124
NVIDIA GeForce RTX 3080 Ti,1,2.6.0+cu124,5.5.3,sdpa,mt_mt,baseline,0.00,0,71,13.74,812,688,-1,1,enc,93.5895
NVIDIA GeForce RTX 3080 Ti,1,2.6.0+cu124,5.5.3,sdpa,mt_mt,baseline,0.00,0,71,13.74,812,688,-1,2,enc,93.4871
NVIDIA GeForce RTX 3080 Ti,1,2.6.0+cu124,5.5.3,sdpa,mt_mt,baseline,0.00,0,71,13.74,812,688,-1,3,enc,94.2029
NVIDIA GeForce RTX 3080 Ti,1,2.6.0+cu124,5.5.3,sdpa,mt_mt,baseline,0.00,0,71,13.74,812,688,-1,4,enc,108.3587
NVIDIA GeForce RTX 3080 Ti,1,2.6.0+cu124,5.5.3,sdpa,mt_mt,baseline,0.00,0,71,13.74,812,688,-1,5,enc,94.9289
NVIDIA GeForce RTX 3080 Ti,1,2.6.0+cu124,5.5.3,sdpa,mt_mt,baseline,0.00,0,71,13.74,812,688,-1,6,enc,93.5967
NVIDIA GeForce RTX 3080 Ti,1,2.6.0+cu124,5.5.3,sdpa,mt_mt,baseline,0.00,0,71,13.74,812,688,-1,7,enc,93.5383
NVIDIA GeForce RTX 3080 Ti,1,2.6.0+cu124,5.5.3,sdpa,mt_mt,baseline,0.00,0,71,13.74,812,688,-1,8,enc,93.1336
NVIDIA GeForce RTX 3080 Ti,1,2.6.0+cu124,5.5.3,sdpa,mt_mt,baseline,0.00,0,71,13.74,812,688,-1,9,enc,93.8322
NVIDIA GeForce RTX 3080 Ti,1,2.6.0+cu124,5.5.3,sdpa,mt_mt,merged,0.20,0,71,13.74,812,688,-1,0,enc,88.6578
NVIDIA GeForce RTX 3080 Ti,1,2.6.0+cu124,5.5.3,sdpa,mt_mt,merged,0.20,0,71,13.74,812,688,-1,1,enc,86.8270
NVIDIA GeForce RTX 3080 Ti,1,2.6.0+cu124,5.5.3,sdpa,mt_mt,merged,0.20,0,71,13.74,812,688,-1,2,enc,85.1743
NVIDIA GeForce RTX 3080 Ti,1,2.6.0+cu124,5.5.3,sdpa,mt_mt,merged,0.20,0,71,13.74,812,688,-1,3,enc,85.2470
NVIDIA GeForce RTX 3080 Ti,1,2.6.0+cu124,5.5.3,sdpa,mt_mt,merged,0.20,0,71,13.74,812,688,-1,4,enc,84.7555
NVIDIA GeForce RTX 3080 Ti,1,2.6.0+cu124,5.5.3,sdpa,mt_mt,merged,0.20,0,71,13.74,812,688,-1,5,enc,85.5050
NVIDIA GeForce RTX 3080 Ti,1,2.6.0+cu124,5.5.3,sdpa,mt_mt,merged,0.20,0,71,13.74,812,688,-1,6,enc,85.1415
NVIDIA GeForce RTX 3080 Ti,1,2.6.0+cu124,5.5.3,sdpa,mt_mt,merged,0.20,0,71,13.74,812,688,-1,7,enc,84.9449
NVIDIA GeForce RTX 3080 Ti,1,2.6.0+cu124,5.5.3,sdpa,mt_mt,merged,0.20,0,71,13.74,812,688,-1,8,enc,84.7390
NVIDIA GeForce RTX 3080 Ti,1,2.6.0+cu124,5.5.3,sdpa,mt_mt,merged,0.20,0,71,13.74,812,688,-1,9,enc,85.4077
NVIDIA GeForce RTX 3080 Ti,1,2.6.0+cu124,5.5.3,sdpa,mt_mt,merged,0.30,0,71,13.74,812,688,-1,0,enc,80.1010
NVIDIA GeForce RTX 3080 Ti,1,2.6.0+cu124,5.5.3,sdpa,mt_mt,merged,0.30,0,71,13.74,812,688,-1,1,enc,79.4405
NVIDIA GeForce RTX 3080 Ti,1,2.6.0+cu124,5.5.3,sdpa,mt_mt,merged,0.30,0,71,13.74,812,688,-1,2,enc,80.2537
NVIDIA GeForce RTX 3080 Ti,1,2.6.0+cu124,5.5.3,sdpa,mt_mt,merged,0.30,0,71,13.74,812,688,-1,3,enc,79.6447
NVIDIA GeForce RTX 3080 Ti,1,2.6.0+cu124,5.5.3,sdpa,mt_mt,merged,0.30,0,71,13.74,812,688,-1,4,enc,79.2904
NVIDIA GeForce RTX 3080 Ti,1,2.6.0+cu124,5.5.3,sdpa,mt_mt,merged,0.30,0,71,13.74,812,688,-1,5,enc,79.2402
NVIDIA GeForce RTX 3080 Ti,1,2.6.0+cu124,5.5.3,sdpa,mt_mt,merged,0.30,0,71,13.74,812,688,-1,6,enc,79.2924
NVIDIA GeForce RTX 3080 Ti,1,2.6.0+cu124,5.5.3,sdpa,mt_mt,merged,0.30,0,71,13.74,812,688,-1,7,enc,79.9099
NVIDIA GeForce RTX 3080 Ti,1,2.6.0+cu124,5.5.3,sdpa,mt_mt,merged,0.30,0,71,13.74,812,688,-1,8,enc,80.9644
NVIDIA GeForce RTX 3080 Ti,1,2.6.0+cu124,5.5.3,sdpa,mt_mt,merged,0.30,0,71,13.74,812,688,-1,9,enc,80.7815
NVIDIA GeForce RTX 3080 Ti,1,2.6.0+cu124,5.5.3,sdpa,mt_mt,merged,0.40,0,71,13.74,812,688,-1,0,enc,74.6834
NVIDIA GeForce RTX 3080 Ti,1,2.6.0+cu124,5.5.3,sdpa,mt_mt,merged,0.40,0,71,13.74,812,688,-1,1,enc,74.2748
NVIDIA GeForce RTX 3080 Ti,1,2.6.0+cu124,5.5.3,sdpa,mt_mt,merged,0.40,0,71,13.74,812,688,-1,2,enc,73.9973
NVIDIA GeForce RTX 3080 Ti,1,2.6.0+cu124,5.5.3,sdpa,mt_mt,merged,0.40,0,71,13.74,812,688,-1,3,enc,74.1271
NVIDIA GeForce RTX 3080 Ti,1,2.6.0+cu124,5.5.3,sdpa,mt_mt,merged,0.40,0,71,13.74,812,688,-1,4,enc,74.4427
NVIDIA GeForce RTX 3080 Ti,1,2.6.0+cu124,5.5.3,sdpa,mt_mt,merged,0.40,0,71,13.74,812,688,-1,5,enc,74.9463
NVIDIA GeForce RTX 3080 Ti,1,2.6.0+cu124,5.5.3,sdpa,mt_mt,merged,0.40,0,71,13.74,812,688,-1,6,enc,75.6521
NVIDIA GeForce RTX 3080 Ti,1,2.6.0+cu124,5.5.3,sdpa,mt_mt,merged,0.40,0,71,13.74,812,688,-1,7,enc,74.9896
NVIDIA GeForce RTX 3080 Ti,1,2.6.0+cu124,5.5.3,sdpa,mt_mt,merged,0.40,0,71,13.74,812,688,-1,8,enc,74.8001
NVIDIA GeForce RTX 3080 Ti,1,2.6.0+cu124,5.5.3,sdpa,mt_mt,merged,0.40,0,71,13.74,812,688,-1,9,enc,74.7704
NVIDIA GeForce RTX 3080 Ti,1,2.6.0+cu124,5.5.3,sdpa,mt_mt,baseline,0.00,1,76,8.40,1079,421,-1,0,enc,94.4138
NVIDIA GeForce RTX 3080 Ti,1,2.6.0+cu124,5.5.3,sdpa,mt_mt,baseline,0.00,1,76,8.40,1079,421,-1,1,enc,94.6739
NVIDIA GeForce RTX 3080 Ti,1,2.6.0+cu124,5.5.3,sdpa,mt_mt,baseline,0.00,1,76,8.40,1079,421,-1,2,enc,94.1978
NVIDIA GeForce RTX 3080 Ti,1,2.6.0+cu124,5.5.3,sdpa,mt_mt,baseline,0.00,1,76,8.40,1079,421,-1,3,enc,94.0185
NVIDIA GeForce RTX 3080 Ti,1,2.6.0+cu124,5.5.3,sdpa,mt_mt,baseline,0.00,1,76,8.40,1079,421,-1,4,enc,94.0104
NVIDIA GeForce RTX 3080 Ti,1,2.6.0+cu124,5.5.3,sdpa,mt_mt,baseline,0.00,1,76,8.40,1079,421,-1,5,enc,94.7722
NVIDIA GeForce RTX 3080 Ti,1,2.6.0+cu124,5.5.3,sdpa,mt_mt,baseline,0.00,1,76,8.40,1079,421,-1,6,enc,94.9415
NVIDIA GeForce RTX 3080 Ti,1,2.6.0+cu124,5.5.3,sdpa,mt_mt,baseline,0.00,1,76,8.40,1079,421,-1,7,enc,95.4808
NVIDIA GeForce RTX 3080 Ti,1,2.6.0+cu124,5.5.3,sdpa,mt_mt,baseline,0.00,1,76,8.40,1079,421,-1,8,enc,95.6918
NVIDIA GeForce RTX 3080 Ti,1,2.6.0+cu124,5.5.3,sdpa,mt_mt,baseline,0.00,1,76,8.40,1079,421,-1,9,enc,94.9277
NVIDIA GeForce RTX 3080 Ti,1,2.6.0+cu124,5.5.3,sdpa,mt_mt,merged,0.20,1,76,8.40,1079,421,-1,0,enc,85.1139
NVIDIA GeForce RTX 3080 Ti,1,2.6.0+cu124,5.5.3,sdpa,mt_mt,merged,0.20,1,76,8.40,1079,421,-1,1,enc,85.3400
NVIDIA GeForce RTX 3080 Ti,1,2.6.0+cu124,5.5.3,sdpa,mt_mt,merged,0.20,1,76,8.40,1079,421,-1,2,enc,84.6752
NVIDIA GeForce RTX 3080 Ti,1,2.6.0+cu124,5.5.3,sdpa,mt_mt,merged,0.20,1,76,8.40,1079,421,-1,3,enc,85.2613
NVIDIA GeForce RTX 3080 Ti,1,2.6.0+cu124,5.5.3,sdpa,mt_mt,merged,0.20,1,76,8.40,1079,421,-1,4,enc,85.9156
NVIDIA GeForce RTX 3080 Ti,1,2.6.0+cu124,5.5.3,sdpa,mt_mt,merged,0.20,1,76,8.40,1079,421,-1,5,enc,96.4946
NVIDIA GeForce RTX 3080 Ti,1,2.6.0+cu124,5.5.3,sdpa,mt_mt,merged,0.20,1,76,8.40,1079,421,-1,6,enc,85.9617
NVIDIA GeForce RTX 3080 Ti,1,2.6.0+cu124,5.5.3,sdpa,mt_mt,merged,0.20,1,76,8.40,1079,421,-1,7,enc,85.0995
NVIDIA GeForce RTX 3080 Ti,1,2.6.0+cu124,5.5.3,sdpa,mt_mt,merged,0.20,1,76,8.40,1079,421,-1,8,enc,85.2521
NVIDIA GeForce RTX 3080 Ti,1,2.6.0+cu124,5.5.3,sdpa,mt_mt,merged,0.20,1,76,8.40,1079,421,-1,9,enc,85.2775
NVIDIA GeForce RTX 3080 Ti,1,2.6.0+cu124,5.5.3,sdpa,mt_mt,merged,0.30,1,76,8.40,1079,421,-1,0,enc,80.3891
NVIDIA GeForce RTX 3080 Ti,1,2.6.0+cu124,5.5.3,sdpa,mt_mt,merged,0.30,1,76,8.40,1079,421,-1,1,enc,82.4280
NVIDIA GeForce RTX 3080 Ti,1,2.6.0+cu124,5.5.3,sdpa,mt_mt,merged,0.30,1,76,8.40,1079,421,-1,2,enc,81.8749
NVIDIA GeForce RTX 3080 Ti,1,2.6.0+cu124,5.5.3,sdpa,mt_mt,merged,0.30,1,76,8.40,1079,421,-1,3,enc,80.5734
NVIDIA GeForce RTX 3080 Ti,1,2.6.0+cu124,5.5.3,sdpa,mt_mt,merged,0.30,1,76,8.40,1079,421,-1,4,enc,80.0747
NVIDIA GeForce RTX 3080 Ti,1,2.6.0+cu124,5.5.3,sdpa,mt_mt,merged,0.30,1,76,8.40,1079,421,-1,5,enc,79.1837
NVIDIA GeForce RTX 3080 Ti,1,2.6.0+cu124,5.5.3,sdpa,mt_mt,merged,0.30,1,76,8.40,1079,421,-1,6,enc,79.6567
NVIDIA GeForce RTX 3080 Ti,1,2.6.0+cu124,5.5.3,sdpa,mt_mt,merged,0.30,1,76,8.40,1079,421,-1,7,enc,79.5921
NVIDIA GeForce RTX 3080 Ti,1,2.6.0+cu124,5.5.3,sdpa,mt_mt,merged,0.30,1,76,8.40,1079,421,-1,8,enc,79.1060
NVIDIA GeForce RTX 3080 Ti,1,2.6.0+cu124,5.5.3,sdpa,mt_mt,merged,0.30,1,76,8.40,1079,421,-1,9,enc,79.3743
NVIDIA GeForce RTX 3080 Ti,1,2.6.0+cu124,5.5.3,sdpa,mt_mt,merged,0.40,1,76,8.40,1079,421,-1,0,enc,75.9723
NVIDIA GeForce RTX 3080 Ti,1,2.6.0+cu124,5.5.3,sdpa,mt_mt,merged,0.40,1,76,8.40,1079,421,-1,1,enc,74.8188
NVIDIA GeForce RTX 3080 Ti,1,2.6.0+cu124,5.5.3,sdpa,mt_mt,merged,0.40,1,76,8.40,1079,421,-1,2,enc,74.6578
NVIDIA GeForce RTX 3080 Ti,1,2.6.0+cu124,5.5.3,sdpa,mt_mt,merged,0.40,1,76,8.40,1079,421,-1,3,enc,74.3269
NVIDIA GeForce RTX 3080 Ti,1,2.6.0+cu124,5.5.3,sdpa,mt_mt,merged,0.40,1,76,8.40,1079,421,-1,4,enc,74.6383
NVIDIA GeForce RTX 3080 Ti,1,2.6.0+cu124,5.5.3,sdpa,mt_mt,merged,0.40,1,76,8.40,1079,421,-1,5,enc,74.2203
NVIDIA GeForce RTX 3080 Ti,1,2.6.0+cu124,5.5.3,sdpa,mt_mt,merged,0.40,1,76,8.40,1079,421,-1,6,enc,74.4264
NVIDIA GeForce RTX 3080 Ti,1,2.6.0+cu124,5.5.3,sdpa,mt_mt,merged,0.40,1,76,8.40,1079,421,-1,7,enc,73.8734
NVIDIA GeForce RTX 3080 Ti,1,2.6.0+cu124,5.5.3,sdpa,mt_mt,merged,0.40,1,76,8.40,1079,421,-1,8,enc,74.3380
NVIDIA GeForce RTX 3080 Ti,1,2.6.0+cu124,5.5.3,sdpa,mt_mt,merged,0.40,1,76,8.40,1079,421,-1,9,enc,73.8863
NVIDIA GeForce RTX 3080 Ti,1,2.6.0+cu124,5.5.3,sdpa,mt_mt,baseline,0.00,2,76,18.54,574,926,-1,0,enc,97.2902
NVIDIA GeForce RTX 3080 Ti,1,2.6.0+cu124,5.5.3,sdpa,mt_mt,baseline,0.00,2,76,18.54,574,926,-1,1,enc,95.9517
NVIDIA GeForce RTX 3080 Ti,1,2.6.0+cu124,5.5.3,sdpa,mt_mt,baseline,0.00,2,76,18.54,574,926,-1,2,enc,94.7352
NVIDIA GeForce RTX 3080 Ti,1,2.6.0+cu124,5.5.3,sdpa,mt_mt,baseline,0.00,2,76,18.54,574,926,-1,3,enc,94.6924
NVIDIA GeForce RTX 3080 Ti,1,2.6.0+cu124,5.5.3,sdpa,mt_mt,baseline,0.00,2,76,18.54,574,926,-1,4,enc,94.0820
NVIDIA GeForce RTX 3080 Ti,1,2.6.0+cu124,5.5.3,sdpa,mt_mt,baseline,0.00,2,76,18.54,574,926,-1,5,enc,93.9018
NVIDIA GeForce RTX 3080 Ti,1,2.6.0+cu124,5.5.3,sdpa,mt_mt,baseline,0.00,2,76,18.54,574,926,-1,6,enc,93.9254
NVIDIA GeForce RTX 3080 Ti,1,2.6.0+cu124,5.5.3,sdpa,mt_mt,baseline,0.00,2,76,18.54,574,926,-1,7,enc,94.1916
NVIDIA GeForce RTX 3080 Ti,1,2.6.0+cu124,5.5.3,sdpa,mt_mt,baseline,0.00,2,76,18.54,574,926,-1,8,enc,94.4333
NVIDIA GeForce RTX 3080 Ti,1,2.6.0+cu124,5.5.3,sdpa,mt_mt,baseline,0.00,2,76,18.54,574,926,-1,9,enc,95.9017
NVIDIA GeForce RTX 3080 Ti,1,2.6.0+cu124,5.5.3,sdpa,mt_mt,merged,0.20,2,76,18.54,574,926,-1,0,enc,86.0303
NVIDIA GeForce RTX 3080 Ti,1,2.6.0+cu124,5.5.3,sdpa,mt_mt,merged,0.20,2,76,18.54,574,926,-1,1,enc,85.4538
NVIDIA GeForce RTX 3080 Ti,1,2.6.0+cu124,5.5.3,sdpa,mt_mt,merged,0.20,2,76,18.54,574,926,-1,2,enc,85.2623
NVIDIA GeForce RTX 3080 Ti,1,2.6.0+cu124,5.5.3,sdpa,mt_mt,merged,0.20,2,76,18.54,574,926,-1,3,enc,85.3453
NVIDIA GeForce RTX 3080 Ti,1,2.6.0+cu124,5.5.3,sdpa,mt_mt,merged,0.20,2,76,18.54,574,926,-1,4,enc,85.7659
NVIDIA GeForce RTX 3080 Ti,1,2.6.0+cu124,5.5.3,sdpa,mt_mt,merged,0.20,2,76,18.54,574,926,-1,5,enc,86.1389
NVIDIA GeForce RTX 3080 Ti,1,2.6.0+cu124,5.5.3,sdpa,mt_mt,merged,0.20,2,76,18.54,574,926,-1,6,enc,86.6949
NVIDIA GeForce RTX 3080 Ti,1,2.6.0+cu124,5.5.3,sdpa,mt_mt,merged,0.20,2,76,18.54,574,926,-1,7,enc,87.1772
NVIDIA GeForce RTX 3080 Ti,1,2.6.0+cu124,5.5.3,sdpa,mt_mt,merged,0.20,2,76,18.54,574,926,-1,8,enc,86.8813
NVIDIA GeForce RTX 3080 Ti,1,2.6.0+cu124,5.5.3,sdpa,mt_mt,merged,0.20,2,76,18.54,574,926,-1,9,enc,86.3508
NVIDIA GeForce RTX 3080 Ti,1,2.6.0+cu124,5.5.3,sdpa,mt_mt,merged,0.30,2,76,18.54,574,926,-1,0,enc,79.4244
NVIDIA GeForce RTX 3080 Ti,1,2.6.0+cu124,5.5.3,sdpa,mt_mt,merged,0.30,2,76,18.54,574,926,-1,1,enc,79.4255
NVIDIA GeForce RTX 3080 Ti,1,2.6.0+cu124,5.5.3,sdpa,mt_mt,merged,0.30,2,76,18.54,574,926,-1,2,enc,79.7399
NVIDIA GeForce RTX 3080 Ti,1,2.6.0+cu124,5.5.3,sdpa,mt_mt,merged,0.30,2,76,18.54,574,926,-1,3,enc,79.8258
NVIDIA GeForce RTX 3080 Ti,1,2.6.0+cu124,5.5.3,sdpa,mt_mt,merged,0.30,2,76,18.54,574,926,-1,4,enc,80.4821
NVIDIA GeForce RTX 3080 Ti,1,2.6.0+cu124,5.5.3,sdpa,mt_mt,merged,0.30,2,76,18.54,574,926,-1,5,enc,85.9523
NVIDIA GeForce RTX 3080 Ti,1,2.6.0+cu124,5.5.3,sdpa,mt_mt,merged,0.30,2,76,18.54,574,926,-1,6,enc,86.1089
NVIDIA GeForce RTX 3080 Ti,1,2.6.0+cu124,5.5.3,sdpa,mt_mt,merged,0.30,2,76,18.54,574,926,-1,7,enc,79.9959
NVIDIA GeForce RTX 3080 Ti,1,2.6.0+cu124,5.5.3,sdpa,mt_mt,merged,0.30,2,76,18.54,574,926,-1,8,enc,79.5954
NVIDIA GeForce RTX 3080 Ti,1,2.6.0+cu124,5.5.3,sdpa,mt_mt,merged,0.30,2,76,18.54,574,926,-1,9,enc,79.4184
NVIDIA GeForce RTX 3080 Ti,1,2.6.0+cu124,5.5.3,sdpa,mt_mt,merged,0.40,2,76,18.54,574,926,-1,0,enc,74.0758
NVIDIA GeForce RTX 3080 Ti,1,2.6.0+cu124,5.5.3,sdpa,mt_mt,merged,0.40,2,76,18.54,574,926,-1,1,enc,74.1201
NVIDIA GeForce RTX 3080 Ti,1,2.6.0+cu124,5.5.3,sdpa,mt_mt,merged,0.40,2,76,18.54,574,926,-1,2,enc,76.2481
NVIDIA GeForce RTX 3080 Ti,1,2.6.0+cu124,5.5.3,sdpa,mt_mt,merged,0.40,2,76,18.54,574,926,-1,3,enc,77.4789
NVIDIA GeForce RTX 3080 Ti,1,2.6.0+cu124,5.5.3,sdpa,mt_mt,merged,0.40,2,76,18.54,574,926,-1,4,enc,76.1801
NVIDIA GeForce RTX 3080 Ti,1,2.6.0+cu124,5.5.3,sdpa,mt_mt,merged,0.40,2,76,18.54,574,926,-1,5,enc,75.6142
NVIDIA GeForce RTX 3080 Ti,1,2.6.0+cu124,5.5.3,sdpa,mt_mt,merged,0.40,2,76,18.54,574,926,-1,6,enc,74.2912
NVIDIA GeForce RTX 3080 Ti,1,2.6.0+cu124,5.5.3,sdpa,mt_mt,merged,0.40,2,76,18.54,574,926,-1,7,enc,74.3967
NVIDIA GeForce RTX 3080 Ti,1,2.6.0+cu124,5.5.3,sdpa,mt_mt,merged,0.40,2,76,18.54,574,926,-1,8,enc,74.4991
NVIDIA GeForce RTX 3080 Ti,1,2.6.0+cu124,5.5.3,sdpa,mt_mt,merged,0.40,2,76,18.54,574,926,-1,9,enc,74.0045
NVIDIA GeForce RTX 3080 Ti,1,2.6.0+cu124,5.5.3,sdpa,mt_mt,baseline,0.00,3,77,9.84,1007,493,-1,0,enc,93.9131
NVIDIA GeForce RTX 3080 Ti,1,2.6.0+cu124,5.5.3,sdpa,mt_mt,baseline,0.00,3,77,9.84,1007,493,-1,1,enc,95.4061
NVIDIA GeForce RTX 3080 Ti,1,2.6.0+cu124,5.5.3,sdpa,mt_mt,baseline,0.00,3,77,9.84,1007,493,-1,2,enc,99.2235
NVIDIA GeForce RTX 3080 Ti,1,2.6.0+cu124,5.5.3,sdpa,mt_mt,baseline,0.00,3,77,9.84,1007,493,-1,3,enc,97.0763
NVIDIA GeForce RTX 3080 Ti,1,2.6.0+cu124,5.5.3,sdpa,mt_mt,baseline,0.00,3,77,9.84,1007,493,-1,4,enc,94.9026
NVIDIA GeForce RTX 3080 Ti,1,2.6.0+cu124,5.5.3,sdpa,mt_mt,baseline,0.00,3,77,9.84,1007,493,-1,5,enc,94.2312
NVIDIA GeForce RTX 3080 Ti,1,2.6.0+cu124,5.5.3,sdpa,mt_mt,baseline,0.00,3,77,9.84,1007,493,-1,6,enc,94.1547
NVIDIA GeForce RTX 3080 Ti,1,2.6.0+cu124,5.5.3,sdpa,mt_mt,baseline,0.00,3,77,9.84,1007,493,-1,7,enc,93.9756
NVIDIA GeForce RTX 3080 Ti,1,2.6.0+cu124,5.5.3,sdpa,mt_mt,baseline,0.00,3,77,9.84,1007,493,-1,8,enc,93.8660
NVIDIA GeForce RTX 3080 Ti,1,2.6.0+cu124,5.5.3,sdpa,mt_mt,baseline,0.00,3,77,9.84,1007,493,-1,9,enc,93.8813
NVIDIA GeForce RTX 3080 Ti,1,2.6.0+cu124,5.5.3,sdpa,mt_mt,merged,0.20,3,77,9.84,1007,493,-1,0,enc,86.6744
NVIDIA GeForce RTX 3080 Ti,1,2.6.0+cu124,5.5.3,sdpa,mt_mt,merged,0.20,3,77,9.84,1007,493,-1,1,enc,86.0404
NVIDIA GeForce RTX 3080 Ti,1,2.6.0+cu124,5.5.3,sdpa,mt_mt,merged,0.20,3,77,9.84,1007,493,-1,2,enc,85.5235
NVIDIA GeForce RTX 3080 Ti,1,2.6.0+cu124,5.5.3,sdpa,mt_mt,merged,0.20,3,77,9.84,1007,493,-1,3,enc,85.3319
NVIDIA GeForce RTX 3080 Ti,1,2.6.0+cu124,5.5.3,sdpa,mt_mt,merged,0.20,3,77,9.84,1007,493,-1,4,enc,85.5806
NVIDIA GeForce RTX 3080 Ti,1,2.6.0+cu124,5.5.3,sdpa,mt_mt,merged,0.20,3,77,9.84,1007,493,-1,5,enc,85.1825
NVIDIA GeForce RTX 3080 Ti,1,2.6.0+cu124,5.5.3,sdpa,mt_mt,merged,0.20,3,77,9.84,1007,493,-1,6,enc,85.3706
NVIDIA GeForce RTX 3080 Ti,1,2.6.0+cu124,5.5.3,sdpa,mt_mt,merged,0.20,3,77,9.84,1007,493,-1,7,enc,85.4784
NVIDIA GeForce RTX 3080 Ti,1,2.6.0+cu124,5.5.3,sdpa,mt_mt,merged,0.20,3,77,9.84,1007,493,-1,8,enc,87.0021
NVIDIA GeForce RTX 3080 Ti,1,2.6.0+cu124,5.5.3,sdpa,mt_mt,merged,0.20,3,77,9.84,1007,493,-1,9,enc,86.8393
NVIDIA GeForce RTX 3080 Ti,1,2.6.0+cu124,5.5.3,sdpa,mt_mt,merged,0.30,3,77,9.84,1007,493,-1,0,enc,79.4481
NVIDIA GeForce RTX 3080 Ti,1,2.6.0+cu124,5.5.3,sdpa,mt_mt,merged,0.30,3,77,9.84,1007,493,-1,1,enc,79.5156
NVIDIA GeForce RTX 3080 Ti,1,2.6.0+cu124,5.5.3,sdpa,mt_mt,merged,0.30,3,77,9.84,1007,493,-1,2,enc,79.1855
NVIDIA GeForce RTX 3080 Ti,1,2.6.0+cu124,5.5.3,sdpa,mt_mt,merged,0.30,3,77,9.84,1007,493,-1,3,enc,79.8935
NVIDIA GeForce RTX 3080 Ti,1,2.6.0+cu124,5.5.3,sdpa,mt_mt,merged,0.30,3,77,9.84,1007,493,-1,4,enc,80.1229
NVIDIA GeForce RTX 3080 Ti,1,2.6.0+cu124,5.5.3,sdpa,mt_mt,merged,0.30,3,77,9.84,1007,493,-1,5,enc,80.5476
NVIDIA GeForce RTX 3080 Ti,1,2.6.0+cu124,5.5.3,sdpa,mt_mt,merged,0.30,3,77,9.84,1007,493,-1,6,enc,80.5673
NVIDIA GeForce RTX 3080 Ti,1,2.6.0+cu124,5.5.3,sdpa,mt_mt,merged,0.30,3,77,9.84,1007,493,-1,7,enc,80.8940
NVIDIA GeForce RTX 3080 Ti,1,2.6.0+cu124,5.5.3,sdpa,mt_mt,merged,0.30,3,77,9.84,1007,493,-1,8,enc,80.5188
NVIDIA GeForce RTX 3080 Ti,1,2.6.0+cu124,5.5.3,sdpa,mt_mt,merged,0.30,3,77,9.84,1007,493,-1,9,enc,80.5046
NVIDIA GeForce RTX 3080 Ti,1,2.6.0+cu124,5.5.3,sdpa,mt_mt,merged,0.40,3,77,9.84,1007,493,-1,0,enc,74.0803
NVIDIA GeForce RTX 3080 Ti,1,2.6.0+cu124,5.5.3,sdpa,mt_mt,merged,0.40,3,77,9.84,1007,493,-1,1,enc,74.0260
NVIDIA GeForce RTX 3080 Ti,1,2.6.0+cu124,5.5.3,sdpa,mt_mt,merged,0.40,3,77,9.84,1007,493,-1,2,enc,73.8325
NVIDIA GeForce RTX 3080 Ti,1,2.6.0+cu124,5.5.3,sdpa,mt_mt,merged,0.40,3,77,9.84,1007,493,-1,3,enc,73.9809
NVIDIA GeForce RTX 3080 Ti,1,2.6.0+cu124,5.5.3,sdpa,mt_mt,merged,0.40,3,77,9.84,1007,493,-1,4,enc,74.2410
NVIDIA GeForce RTX 3080 Ti,1,2.6.0+cu124,5.5.3,sdpa,mt_mt,merged,0.40,3,77,9.84,1007,493,-1,5,enc,74.8083
NVIDIA GeForce RTX 3080 Ti,1,2.6.0+cu124,5.5.3,sdpa,mt_mt,merged,0.40,3,77,9.84,1007,493,-1,6,enc,84.0622
NVIDIA GeForce RTX 3080 Ti,1,2.6.0+cu124,5.5.3,sdpa,mt_mt,merged,0.40,3,77,9.84,1007,493,-1,7,enc,79.4970
NVIDIA GeForce RTX 3080 Ti,1,2.6.0+cu124,5.5.3,sdpa,mt_mt,merged,0.40,3,77,9.84,1007,493,-1,8,enc,74.5421
NVIDIA GeForce RTX 3080 Ti,1,2.6.0+cu124,5.5.3,sdpa,mt_mt,merged,0.40,3,77,9.84,1007,493,-1,9,enc,73.8970
NVIDIA GeForce RTX 3080 Ti,1,2.6.0+cu124,5.5.3,sdpa,mt_mt,baseline,0.00,4,77,9.42,1028,472,-1,0,enc,94.0646
NVIDIA GeForce RTX 3080 Ti,1,2.6.0+cu124,5.5.3,sdpa,mt_mt,baseline,0.00,4,77,9.42,1028,472,-1,1,enc,93.8792
NVIDIA GeForce RTX 3080 Ti,1,2.6.0+cu124,5.5.3,sdpa,mt_mt,baseline,0.00,4,77,9.42,1028,472,-1,2,enc,94.4924
NVIDIA GeForce RTX 3080 Ti,1,2.6.0+cu124,5.5.3,sdpa,mt_mt,baseline,0.00,4,77,9.42,1028,472,-1,3,enc,95.1953
NVIDIA GeForce RTX 3080 Ti,1,2.6.0+cu124,5.5.3,sdpa,mt_mt,baseline,0.00,4,77,9.42,1028,472,-1,4,enc,107.4995
NVIDIA GeForce RTX 3080 Ti,1,2.6.0+cu124,5.5.3,sdpa,mt_mt,baseline,0.00,4,77,9.42,1028,472,-1,5,enc,95.1099
NVIDIA GeForce RTX 3080 Ti,1,2.6.0+cu124,5.5.3,sdpa,mt_mt,baseline,0.00,4,77,9.42,1028,472,-1,6,enc,94.0288
NVIDIA GeForce RTX 3080 Ti,1,2.6.0+cu124,5.5.3,sdpa,mt_mt,baseline,0.00,4,77,9.42,1028,472,-1,7,enc,93.8773
NVIDIA GeForce RTX 3080 Ti,1,2.6.0+cu124,5.5.3,sdpa,mt_mt,baseline,0.00,4,77,9.42,1028,472,-1,8,enc,93.8568
NVIDIA GeForce RTX 3080 Ti,1,2.6.0+cu124,5.5.3,sdpa,mt_mt,baseline,0.00,4,77,9.42,1028,472,-1,9,enc,93.8475
NVIDIA GeForce RTX 3080 Ti,1,2.6.0+cu124,5.5.3,sdpa,mt_mt,merged,0.20,4,77,9.42,1028,472,-1,0,enc,88.4101
NVIDIA GeForce RTX 3080 Ti,1,2.6.0+cu124,5.5.3,sdpa,mt_mt,merged,0.20,4,77,9.42,1028,472,-1,1,enc,88.3588
NVIDIA GeForce RTX 3080 Ti,1,2.6.0+cu124,5.5.3,sdpa,mt_mt,merged,0.20,4,77,9.42,1028,472,-1,2,enc,87.1023
NVIDIA GeForce RTX 3080 Ti,1,2.6.0+cu124,5.5.3,sdpa,mt_mt,merged,0.20,4,77,9.42,1028,472,-1,3,enc,86.5310
NVIDIA GeForce RTX 3080 Ti,1,2.6.0+cu124,5.5.3,sdpa,mt_mt,merged,0.20,4,77,9.42,1028,472,-1,4,enc,86.7594
NVIDIA GeForce RTX 3080 Ti,1,2.6.0+cu124,5.5.3,sdpa,mt_mt,merged,0.20,4,77,9.42,1028,472,-1,5,enc,87.1864
NVIDIA GeForce RTX 3080 Ti,1,2.6.0+cu124,5.5.3,sdpa,mt_mt,merged,0.20,4,77,9.42,1028,472,-1,6,enc,87.4906
NVIDIA GeForce RTX 3080 Ti,1,2.6.0+cu124,5.5.3,sdpa,mt_mt,merged,0.20,4,77,9.42,1028,472,-1,7,enc,86.9761
NVIDIA GeForce RTX 3080 Ti,1,2.6.0+cu124,5.5.3,sdpa,mt_mt,merged,0.20,4,77,9.42,1028,472,-1,8,enc,88.4654
NVIDIA GeForce RTX 3080 Ti,1,2.6.0+cu124,5.5.3,sdpa,mt_mt,merged,0.20,4,77,9.42,1028,472,-1,9,enc,88.2036
NVIDIA GeForce RTX 3080 Ti,1,2.6.0+cu124,5.5.3,sdpa,mt_mt,merged,0.30,4,77,9.42,1028,472,-1,0,enc,80.4536
NVIDIA GeForce RTX 3080 Ti,1,2.6.0+cu124,5.5.3,sdpa,mt_mt,merged,0.30,4,77,9.42,1028,472,-1,1,enc,80.6666
NVIDIA GeForce RTX 3080 Ti,1,2.6.0+cu124,5.5.3,sdpa,mt_mt,merged,0.30,4,77,9.42,1028,472,-1,2,enc,81.2810
NVIDIA GeForce RTX 3080 Ti,1,2.6.0+cu124,5.5.3,sdpa,mt_mt,merged,0.30,4,77,9.42,1028,472,-1,3,enc,80.6042
NVIDIA GeForce RTX 3080 Ti,1,2.6.0+cu124,5.5.3,sdpa,mt_mt,merged,0.30,4,77,9.42,1028,472,-1,4,enc,80.9964
NVIDIA GeForce RTX 3080 Ti,1,2.6.0+cu124,5.5.3,sdpa,mt_mt,merged,0.30,4,77,9.42,1028,472,-1,5,enc,81.5616
NVIDIA GeForce RTX 3080 Ti,1,2.6.0+cu124,5.5.3,sdpa,mt_mt,merged,0.30,4,77,9.42,1028,472,-1,6,enc,82.4146
NVIDIA GeForce RTX 3080 Ti,1,2.6.0+cu124,5.5.3,sdpa,mt_mt,merged,0.30,4,77,9.42,1028,472,-1,7,enc,82.0317
NVIDIA GeForce RTX 3080 Ti,1,2.6.0+cu124,5.5.3,sdpa,mt_mt,merged,0.30,4,77,9.42,1028,472,-1,8,enc,83.0163
NVIDIA GeForce RTX 3080 Ti,1,2.6.0+cu124,5.5.3,sdpa,mt_mt,merged,0.30,4,77,9.42,1028,472,-1,9,enc,81.8483
NVIDIA GeForce RTX 3080 Ti,1,2.6.0+cu124,5.5.3,sdpa,mt_mt,merged,0.40,4,77,9.42,1028,472,-1,0,enc,74.3831
NVIDIA GeForce RTX 3080 Ti,1,2.6.0+cu124,5.5.3,sdpa,mt_mt,merged,0.40,4,77,9.42,1028,472,-1,1,enc,74.3066
NVIDIA GeForce RTX 3080 Ti,1,2.6.0+cu124,5.5.3,sdpa,mt_mt,merged,0.40,4,77,9.42,1028,472,-1,2,enc,74.9311
NVIDIA GeForce RTX 3080 Ti,1,2.6.0+cu124,5.5.3,sdpa,mt_mt,merged,0.40,4,77,9.42,1028,472,-1,3,enc,75.0097
NVIDIA GeForce RTX 3080 Ti,1,2.6.0+cu124,5.5.3,sdpa,mt_mt,merged,0.40,4,77,9.42,1028,472,-1,4,enc,75.2015
NVIDIA GeForce RTX 3080 Ti,1,2.6.0+cu124,5.5.3,sdpa,mt_mt,merged,0.40,4,77,9.42,1028,472,-1,5,enc,75.6162
NVIDIA GeForce RTX 3080 Ti,1,2.6.0+cu124,5.5.3,sdpa,mt_mt,merged,0.40,4,77,9.42,1028,472,-1,6,enc,75.0909
NVIDIA GeForce RTX 3080 Ti,1,2.6.0+cu124,5.5.3,sdpa,mt_mt,merged,0.40,4,77,9.42,1028,472,-1,7,enc,74.9694
NVIDIA GeForce RTX 3080 Ti,1,2.6.0+cu124,5.5.3,sdpa,mt_mt,merged,0.40,4,77,9.42,1028,472,-1,8,enc,75.1654
NVIDIA GeForce RTX 3080 Ti,1,2.6.0+cu124,5.5.3,sdpa,mt_mt,merged,0.40,4,77,9.42,1028,472,-1,9,enc,74.9845
NVIDIA GeForce RTX 3080 Ti,1,2.6.0+cu124,5.5.3,sdpa,mt_mt,baseline,0.00,5,77,11.58,946,554,-1,0,enc,95.4859
NVIDIA GeForce RTX 3080 Ti,1,2.6.0+cu124,5.5.3,sdpa,mt_mt,baseline,0.00,5,77,11.58,946,554,-1,1,enc,95.1613
NVIDIA GeForce RTX 3080 Ti,1,2.6.0+cu124,5.5.3,sdpa,mt_mt,baseline,0.00,5,77,11.58,946,554,-1,2,enc,94.8285
NVIDIA GeForce RTX 3080 Ti,1,2.6.0+cu124,5.5.3,sdpa,mt_mt,baseline,0.00,5,77,11.58,946,554,-1,3,enc,94.6422
NVIDIA GeForce RTX 3080 Ti,1,2.6.0+cu124,5.5.3,sdpa,mt_mt,baseline,0.00,5,77,11.58,946,554,-1,4,enc,94.9228
NVIDIA GeForce RTX 3080 Ti,1,2.6.0+cu124,5.5.3,sdpa,mt_mt,baseline,0.00,5,77,11.58,946,554,-1,5,enc,95.2718
NVIDIA GeForce RTX 3080 Ti,1,2.6.0+cu124,5.5.3,sdpa,mt_mt,baseline,0.00,5,77,11.58,946,554,-1,6,enc,94.6768
NVIDIA GeForce RTX 3080 Ti,1,2.6.0+cu124,5.5.3,sdpa,mt_mt,baseline,0.00,5,77,11.58,946,554,-1,7,enc,95.5147
NVIDIA GeForce RTX 3080 Ti,1,2.6.0+cu124,5.5.3,sdpa,mt_mt,baseline,0.00,5,77,11.58,946,554,-1,8,enc,95.6436
NVIDIA GeForce RTX 3080 Ti,1,2.6.0+cu124,5.5.3,sdpa,mt_mt,baseline,0.00,5,77,11.58,946,554,-1,9,enc,95.6293
NVIDIA GeForce RTX 3080 Ti,1,2.6.0+cu124,5.5.3,sdpa,mt_mt,merged,0.20,5,77,11.58,946,554,-1,0,enc,85.3463
NVIDIA GeForce RTX 3080 Ti,1,2.6.0+cu124,5.5.3,sdpa,mt_mt,merged,0.20,5,77,11.58,946,554,-1,1,enc,85.4323
NVIDIA GeForce RTX 3080 Ti,1,2.6.0+cu124,5.5.3,sdpa,mt_mt,merged,0.20,5,77,11.58,946,554,-1,2,enc,85.2836
NVIDIA GeForce RTX 3080 Ti,1,2.6.0+cu124,5.5.3,sdpa,mt_mt,merged,0.20,5,77,11.58,946,554,-1,3,enc,85.3545
NVIDIA GeForce RTX 3080 Ti,1,2.6.0+cu124,5.5.3,sdpa,mt_mt,merged,0.20,5,77,11.58,946,554,-1,4,enc,86.3570
NVIDIA GeForce RTX 3080 Ti,1,2.6.0+cu124,5.5.3,sdpa,mt_mt,merged,0.20,5,77,11.58,946,554,-1,5,enc,94.7370
NVIDIA GeForce RTX 3080 Ti,1,2.6.0+cu124,5.5.3,sdpa,mt_mt,merged,0.20,5,77,11.58,946,554,-1,6,enc,86.8483
NVIDIA GeForce RTX 3080 Ti,1,2.6.0+cu124,5.5.3,sdpa,mt_mt,merged,0.20,5,77,11.58,946,554,-1,7,enc,85.9524
NVIDIA GeForce RTX 3080 Ti,1,2.6.0+cu124,5.5.3,sdpa,mt_mt,merged,0.20,5,77,11.58,946,554,-1,8,enc,85.6187
NVIDIA GeForce RTX 3080 Ti,1,2.6.0+cu124,5.5.3,sdpa,mt_mt,merged,0.20,5,77,11.58,946,554,-1,9,enc,85.4856
NVIDIA GeForce RTX 3080 Ti,1,2.6.0+cu124,5.5.3,sdpa,mt_mt,merged,0.30,5,77,11.58,946,554,-1,0,enc,80.1852
NVIDIA GeForce RTX 3080 Ti,1,2.6.0+cu124,5.5.3,sdpa,mt_mt,merged,0.30,5,77,11.58,946,554,-1,1,enc,82.7044
NVIDIA GeForce RTX 3080 Ti,1,2.6.0+cu124,5.5.3,sdpa,mt_mt,merged,0.30,5,77,11.58,946,554,-1,2,enc,81.8729
NVIDIA GeForce RTX 3080 Ti,1,2.6.0+cu124,5.5.3,sdpa,mt_mt,merged,0.30,5,77,11.58,946,554,-1,3,enc,80.9626
NVIDIA GeForce RTX 3080 Ti,1,2.6.0+cu124,5.5.3,sdpa,mt_mt,merged,0.30,5,77,11.58,946,554,-1,4,enc,80.2734
NVIDIA GeForce RTX 3080 Ti,1,2.6.0+cu124,5.5.3,sdpa,mt_mt,merged,0.30,5,77,11.58,946,554,-1,5,enc,80.4181
NVIDIA GeForce RTX 3080 Ti,1,2.6.0+cu124,5.5.3,sdpa,mt_mt,merged,0.30,5,77,11.58,946,554,-1,6,enc,79.8413
NVIDIA GeForce RTX 3080 Ti,1,2.6.0+cu124,5.5.3,sdpa,mt_mt,merged,0.30,5,77,11.58,946,554,-1,7,enc,79.9967
NVIDIA GeForce RTX 3080 Ti,1,2.6.0+cu124,5.5.3,sdpa,mt_mt,merged,0.30,5,77,11.58,946,554,-1,8,enc,79.9345
NVIDIA GeForce RTX 3080 Ti,1,2.6.0+cu124,5.5.3,sdpa,mt_mt,merged,0.30,5,77,11.58,946,554,-1,9,enc,79.7399
NVIDIA GeForce RTX 3080 Ti,1,2.6.0+cu124,5.5.3,sdpa,mt_mt,merged,0.40,5,77,11.58,946,554,-1,0,enc,75.7514
NVIDIA GeForce RTX 3080 Ti,1,2.6.0+cu124,5.5.3,sdpa,mt_mt,merged,0.40,5,77,11.58,946,554,-1,1,enc,75.5845
NVIDIA GeForce RTX 3080 Ti,1,2.6.0+cu124,5.5.3,sdpa,mt_mt,merged,0.40,5,77,11.58,946,554,-1,2,enc,74.9505
NVIDIA GeForce RTX 3080 Ti,1,2.6.0+cu124,5.5.3,sdpa,mt_mt,merged,0.40,5,77,11.58,946,554,-1,3,enc,74.7346
NVIDIA GeForce RTX 3080 Ti,1,2.6.0+cu124,5.5.3,sdpa,mt_mt,merged,0.40,5,77,11.58,946,554,-1,4,enc,74.9189
NVIDIA GeForce RTX 3080 Ti,1,2.6.0+cu124,5.5.3,sdpa,mt_mt,merged,0.40,5,77,11.58,946,554,-1,5,enc,74.6718
NVIDIA GeForce RTX 3080 Ti,1,2.6.0+cu124,5.5.3,sdpa,mt_mt,merged,0.40,5,77,11.58,946,554,-1,6,enc,74.7510
NVIDIA GeForce RTX 3080 Ti,1,2.6.0+cu124,5.5.3,sdpa,mt_mt,merged,0.40,5,77,11.58,946,554,-1,7,enc,74.3834
NVIDIA GeForce RTX 3080 Ti,1,2.6.0+cu124,5.5.3,sdpa,mt_mt,merged,0.40,5,77,11.58,946,554,-1,8,enc,74.6127
NVIDIA GeForce RTX 3080 Ti,1,2.6.0+cu124,5.5.3,sdpa,mt_mt,merged,0.40,5,77,11.58,946,554,-1,9,enc,74.1530
NVIDIA GeForce RTX 3080 Ti,1,2.6.0+cu124,5.5.3,sdpa,mt_mt,baseline,0.00,6,78,15.66,780,720,-1,0,enc,96.0122
NVIDIA GeForce RTX 3080 Ti,1,2.6.0+cu124,5.5.3,sdpa,mt_mt,baseline,0.00,6,78,15.66,780,720,-1,1,enc,95.9558
NVIDIA GeForce RTX 3080 Ti,1,2.6.0+cu124,5.5.3,sdpa,mt_mt,baseline,0.00,6,78,15.66,780,720,-1,2,enc,95.6826
NVIDIA GeForce RTX 3080 Ti,1,2.6.0+cu124,5.5.3,sdpa,mt_mt,baseline,0.00,6,78,15.66,780,720,-1,3,enc,95.1101
NVIDIA GeForce RTX 3080 Ti,1,2.6.0+cu124,5.5.3,sdpa,mt_mt,baseline,0.00,6,78,15.66,780,720,-1,4,enc,95.4675
NVIDIA GeForce RTX 3080 Ti,1,2.6.0+cu124,5.5.3,sdpa,mt_mt,baseline,0.00,6,78,15.66,780,720,-1,5,enc,94.9483
NVIDIA GeForce RTX 3080 Ti,1,2.6.0+cu124,5.5.3,sdpa,mt_mt,baseline,0.00,6,78,15.66,780,720,-1,6,enc,94.9821
NVIDIA GeForce RTX 3080 Ti,1,2.6.0+cu124,5.5.3,sdpa,mt_mt,baseline,0.00,6,78,15.66,780,720,-1,7,enc,94.3514
NVIDIA GeForce RTX 3080 Ti,1,2.6.0+cu124,5.5.3,sdpa,mt_mt,baseline,0.00,6,78,15.66,780,720,-1,8,enc,95.1272
NVIDIA GeForce RTX 3080 Ti,1,2.6.0+cu124,5.5.3,sdpa,mt_mt,baseline,0.00,6,78,15.66,780,720,-1,9,enc,95.9479
NVIDIA GeForce RTX 3080 Ti,1,2.6.0+cu124,5.5.3,sdpa,mt_mt,merged,0.20,6,78,15.66,780,720,-1,0,enc,86.4502
NVIDIA GeForce RTX 3080 Ti,1,2.6.0+cu124,5.5.3,sdpa,mt_mt,merged,0.20,6,78,15.66,780,720,-1,1,enc,86.5819
NVIDIA GeForce RTX 3080 Ti,1,2.6.0+cu124,5.5.3,sdpa,mt_mt,merged,0.20,6,78,15.66,780,720,-1,2,enc,86.0283
NVIDIA GeForce RTX 3080 Ti,1,2.6.0+cu124,5.5.3,sdpa,mt_mt,merged,0.20,6,78,15.66,780,720,-1,3,enc,85.5460
NVIDIA GeForce RTX 3080 Ti,1,2.6.0+cu124,5.5.3,sdpa,mt_mt,merged,0.20,6,78,15.66,780,720,-1,4,enc,86.3679
NVIDIA GeForce RTX 3080 Ti,1,2.6.0+cu124,5.5.3,sdpa,mt_mt,merged,0.20,6,78,15.66,780,720,-1,5,enc,86.8116
NVIDIA GeForce RTX 3080 Ti,1,2.6.0+cu124,5.5.3,sdpa,mt_mt,merged,0.20,6,78,15.66,780,720,-1,6,enc,86.8352
NVIDIA GeForce RTX 3080 Ti,1,2.6.0+cu124,5.5.3,sdpa,mt_mt,merged,0.20,6,78,15.66,780,720,-1,7,enc,86.5597
NVIDIA GeForce RTX 3080 Ti,1,2.6.0+cu124,5.5.3,sdpa,mt_mt,merged,0.20,6,78,15.66,780,720,-1,8,enc,87.0731
NVIDIA GeForce RTX 3080 Ti,1,2.6.0+cu124,5.5.3,sdpa,mt_mt,merged,0.20,6,78,15.66,780,720,-1,9,enc,86.1268
NVIDIA GeForce RTX 3080 Ti,1,2.6.0+cu124,5.5.3,sdpa,mt_mt,merged,0.30,6,78,15.66,780,720,-1,0,enc,80.3256
NVIDIA GeForce RTX 3080 Ti,1,2.6.0+cu124,5.5.3,sdpa,mt_mt,merged,0.30,6,78,15.66,780,720,-1,1,enc,79.4706
NVIDIA GeForce RTX 3080 Ti,1,2.6.0+cu124,5.5.3,sdpa,mt_mt,merged,0.30,6,78,15.66,780,720,-1,2,enc,79.7348
NVIDIA GeForce RTX 3080 Ti,1,2.6.0+cu124,5.5.3,sdpa,mt_mt,merged,0.30,6,78,15.66,780,720,-1,3,enc,79.8392
NVIDIA GeForce RTX 3080 Ti,1,2.6.0+cu124,5.5.3,sdpa,mt_mt,merged,0.30,6,78,15.66,780,720,-1,4,enc,79.7962
NVIDIA GeForce RTX 3080 Ti,1,2.6.0+cu124,5.5.3,sdpa,mt_mt,merged,0.30,6,78,15.66,780,720,-1,5,enc,84.7380
NVIDIA GeForce RTX 3080 Ti,1,2.6.0+cu124,5.5.3,sdpa,mt_mt,merged,0.30,6,78,15.66,780,720,-1,6,enc,85.5992
NVIDIA GeForce RTX 3080 Ti,1,2.6.0+cu124,5.5.3,sdpa,mt_mt,merged,0.30,6,78,15.66,780,720,-1,7,enc,81.0066
NVIDIA GeForce RTX 3080 Ti,1,2.6.0+cu124,5.5.3,sdpa,mt_mt,merged,0.30,6,78,15.66,780,720,-1,8,enc,80.0657
NVIDIA GeForce RTX 3080 Ti,1,2.6.0+cu124,5.5.3,sdpa,mt_mt,merged,0.30,6,78,15.66,780,720,-1,9,enc,80.1770
NVIDIA GeForce RTX 3080 Ti,1,2.6.0+cu124,5.5.3,sdpa,mt_mt,merged,0.40,6,78,15.66,780,720,-1,0,enc,74.3977
NVIDIA GeForce RTX 3080 Ti,1,2.6.0+cu124,5.5.3,sdpa,mt_mt,merged,0.40,6,78,15.66,780,720,-1,1,enc,74.9309
NVIDIA GeForce RTX 3080 Ti,1,2.6.0+cu124,5.5.3,sdpa,mt_mt,merged,0.40,6,78,15.66,780,720,-1,2,enc,75.6927
NVIDIA GeForce RTX 3080 Ti,1,2.6.0+cu124,5.5.3,sdpa,mt_mt,merged,0.40,6,78,15.66,780,720,-1,3,enc,76.3954
NVIDIA GeForce RTX 3080 Ti,1,2.6.0+cu124,5.5.3,sdpa,mt_mt,merged,0.40,6,78,15.66,780,720,-1,4,enc,76.7058
NVIDIA GeForce RTX 3080 Ti,1,2.6.0+cu124,5.5.3,sdpa,mt_mt,merged,0.40,6,78,15.66,780,720,-1,5,enc,75.1677
NVIDIA GeForce RTX 3080 Ti,1,2.6.0+cu124,5.5.3,sdpa,mt_mt,merged,0.40,6,78,15.66,780,720,-1,6,enc,75.0531
NVIDIA GeForce RTX 3080 Ti,1,2.6.0+cu124,5.5.3,sdpa,mt_mt,merged,0.40,6,78,15.66,780,720,-1,7,enc,74.9496
NVIDIA GeForce RTX 3080 Ti,1,2.6.0+cu124,5.5.3,sdpa,mt_mt,merged,0.40,6,78,15.66,780,720,-1,8,enc,74.5411
NVIDIA GeForce RTX 3080 Ti,1,2.6.0+cu124,5.5.3,sdpa,mt_mt,merged,0.40,6,78,15.66,780,720,-1,9,enc,74.8390
NVIDIA GeForce RTX 3080 Ti,1,2.6.0+cu124,5.5.3,sdpa,mt_mt,baseline,0.00,7,78,14.82,760,740,-1,0,enc,94.1957
NVIDIA GeForce RTX 3080 Ti,1,2.6.0+cu124,5.5.3,sdpa,mt_mt,baseline,0.00,7,78,14.82,760,740,-1,1,enc,96.3359
NVIDIA GeForce RTX 3080 Ti,1,2.6.0+cu124,5.5.3,sdpa,mt_mt,baseline,0.00,7,78,14.82,760,740,-1,2,enc,98.6809
NVIDIA GeForce RTX 3080 Ti,1,2.6.0+cu124,5.5.3,sdpa,mt_mt,baseline,0.00,7,78,14.82,760,740,-1,3,enc,96.7345
NVIDIA GeForce RTX 3080 Ti,1,2.6.0+cu124,5.5.3,sdpa,mt_mt,baseline,0.00,7,78,14.82,760,740,-1,4,enc,95.2648
NVIDIA GeForce RTX 3080 Ti,1,2.6.0+cu124,5.5.3,sdpa,mt_mt,baseline,0.00,7,78,14.82,760,740,-1,5,enc,94.7280
NVIDIA GeForce RTX 3080 Ti,1,2.6.0+cu124,5.5.3,sdpa,mt_mt,baseline,0.00,7,78,14.82,760,740,-1,6,enc,94.7282
NVIDIA GeForce RTX 3080 Ti,1,2.6.0+cu124,5.5.3,sdpa,mt_mt,baseline,0.00,7,78,14.82,760,740,-1,7,enc,94.7186
NVIDIA GeForce RTX 3080 Ti,1,2.6.0+cu124,5.5.3,sdpa,mt_mt,baseline,0.00,7,78,14.82,760,740,-1,8,enc,94.5562
NVIDIA GeForce RTX 3080 Ti,1,2.6.0+cu124,5.5.3,sdpa,mt_mt,baseline,0.00,7,78,14.82,760,740,-1,9,enc,94.7610
NVIDIA GeForce RTX 3080 Ti,1,2.6.0+cu124,5.5.3,sdpa,mt_mt,merged,0.20,7,78,14.82,760,740,-1,0,enc,86.2624
NVIDIA GeForce RTX 3080 Ti,1,2.6.0+cu124,5.5.3,sdpa,mt_mt,merged,0.20,7,78,14.82,760,740,-1,1,enc,86.8372
NVIDIA GeForce RTX 3080 Ti,1,2.6.0+cu124,5.5.3,sdpa,mt_mt,merged,0.20,7,78,14.82,760,740,-1,2,enc,86.7879
NVIDIA GeForce RTX 3080 Ti,1,2.6.0+cu124,5.5.3,sdpa,mt_mt,merged,0.20,7,78,14.82,760,740,-1,3,enc,85.8696
NVIDIA GeForce RTX 3080 Ti,1,2.6.0+cu124,5.5.3,sdpa,mt_mt,merged,0.20,7,78,14.82,760,740,-1,4,enc,86.0201
NVIDIA GeForce RTX 3080 Ti,1,2.6.0+cu124,5.5.3,sdpa,mt_mt,merged,0.20,7,78,14.82,760,740,-1,5,enc,86.2403
NVIDIA GeForce RTX 3080 Ti,1,2.6.0+cu124,5.5.3,sdpa,mt_mt,merged,0.20,7,78,14.82,760,740,-1,6,enc,85.6934
NVIDIA GeForce RTX 3080 Ti,1,2.6.0+cu124,5.5.3,sdpa,mt_mt,merged,0.20,7,78,14.82,760,740,-1,7,enc,86.7246
NVIDIA GeForce RTX 3080 Ti,1,2.6.0+cu124,5.5.3,sdpa,mt_mt,merged,0.20,7,78,14.82,760,740,-1,8,enc,86.8332
NVIDIA GeForce RTX 3080 Ti,1,2.6.0+cu124,5.5.3,sdpa,mt_mt,merged,0.20,7,78,14.82,760,740,-1,9,enc,86.7213
NVIDIA GeForce RTX 3080 Ti,1,2.6.0+cu124,5.5.3,sdpa,mt_mt,merged,0.30,7,78,14.82,760,740,-1,0,enc,80.1587
NVIDIA GeForce RTX 3080 Ti,1,2.6.0+cu124,5.5.3,sdpa,mt_mt,merged,0.30,7,78,14.82,760,740,-1,1,enc,80.5231
NVIDIA GeForce RTX 3080 Ti,1,2.6.0+cu124,5.5.3,sdpa,mt_mt,merged,0.30,7,78,14.82,760,740,-1,2,enc,79.8360
NVIDIA GeForce RTX 3080 Ti,1,2.6.0+cu124,5.5.3,sdpa,mt_mt,merged,0.30,7,78,14.82,760,740,-1,3,enc,80.4073
NVIDIA GeForce RTX 3080 Ti,1,2.6.0+cu124,5.5.3,sdpa,mt_mt,merged,0.30,7,78,14.82,760,740,-1,4,enc,80.8851
NVIDIA GeForce RTX 3080 Ti,1,2.6.0+cu124,5.5.3,sdpa,mt_mt,merged,0.30,7,78,14.82,760,740,-1,5,enc,80.9523
NVIDIA GeForce RTX 3080 Ti,1,2.6.0+cu124,5.5.3,sdpa,mt_mt,merged,0.30,7,78,14.82,760,740,-1,6,enc,80.8991
NVIDIA GeForce RTX 3080 Ti,1,2.6.0+cu124,5.5.3,sdpa,mt_mt,merged,0.30,7,78,14.82,760,740,-1,7,enc,81.1612
NVIDIA GeForce RTX 3080 Ti,1,2.6.0+cu124,5.5.3,sdpa,mt_mt,merged,0.30,7,78,14.82,760,740,-1,8,enc,81.1039
NVIDIA GeForce RTX 3080 Ti,1,2.6.0+cu124,5.5.3,sdpa,mt_mt,merged,0.30,7,78,14.82,760,740,-1,9,enc,80.4463
NVIDIA GeForce RTX 3080 Ti,1,2.6.0+cu124,5.5.3,sdpa,mt_mt,merged,0.40,7,78,14.82,760,740,-1,0,enc,74.1714
NVIDIA GeForce RTX 3080 Ti,1,2.6.0+cu124,5.5.3,sdpa,mt_mt,merged,0.40,7,78,14.82,760,740,-1,1,enc,74.4776
NVIDIA GeForce RTX 3080 Ti,1,2.6.0+cu124,5.5.3,sdpa,mt_mt,merged,0.40,7,78,14.82,760,740,-1,2,enc,74.7901
NVIDIA GeForce RTX 3080 Ti,1,2.6.0+cu124,5.5.3,sdpa,mt_mt,merged,0.40,7,78,14.82,760,740,-1,3,enc,74.6353
NVIDIA GeForce RTX 3080 Ti,1,2.6.0+cu124,5.5.3,sdpa,mt_mt,merged,0.40,7,78,14.82,760,740,-1,4,enc,74.4180
NVIDIA GeForce RTX 3080 Ti,1,2.6.0+cu124,5.5.3,sdpa,mt_mt,merged,0.40,7,78,14.82,760,740,-1,5,enc,75.1534
NVIDIA GeForce RTX 3080 Ti,1,2.6.0+cu124,5.5.3,sdpa,mt_mt,merged,0.40,7,78,14.82,760,740,-1,6,enc,83.6751
NVIDIA GeForce RTX 3080 Ti,1,2.6.0+cu124,5.5.3,sdpa,mt_mt,merged,0.40,7,78,14.82,760,740,-1,7,enc,77.7923
NVIDIA GeForce RTX 3080 Ti,1,2.6.0+cu124,5.5.3,sdpa,mt_mt,merged,0.40,7,78,14.82,760,740,-1,8,enc,74.9507
NVIDIA GeForce RTX 3080 Ti,1,2.6.0+cu124,5.5.3,sdpa,mt_mt,merged,0.40,7,78,14.82,760,740,-1,9,enc,74.0547
NVIDIA GeForce RTX 3080 Ti,1,2.6.0+cu124,5.5.3,sdpa,ta_in,baseline,0.00,0,73,7.80,1109,391,-1,0,enc,93.7582
NVIDIA GeForce RTX 3080 Ti,1,2.6.0+cu124,5.5.3,sdpa,ta_in,baseline,0.00,0,73,7.80,1109,391,-1,1,enc,93.9090
NVIDIA GeForce RTX 3080 Ti,1,2.6.0+cu124,5.5.3,sdpa,ta_in,baseline,0.00,0,73,7.80,1109,391,-1,2,enc,93.8937
NVIDIA GeForce RTX 3080 Ti,1,2.6.0+cu124,5.5.3,sdpa,ta_in,baseline,0.00,0,73,7.80,1109,391,-1,3,enc,94.7504
NVIDIA GeForce RTX 3080 Ti,1,2.6.0+cu124,5.5.3,sdpa,ta_in,baseline,0.00,0,73,7.80,1109,391,-1,4,enc,107.8116
NVIDIA GeForce RTX 3080 Ti,1,2.6.0+cu124,5.5.3,sdpa,ta_in,baseline,0.00,0,73,7.80,1109,391,-1,5,enc,95.5822
NVIDIA GeForce RTX 3080 Ti,1,2.6.0+cu124,5.5.3,sdpa,ta_in,baseline,0.00,0,73,7.80,1109,391,-1,6,enc,94.6575
NVIDIA GeForce RTX 3080 Ti,1,2.6.0+cu124,5.5.3,sdpa,ta_in,baseline,0.00,0,73,7.80,1109,391,-1,7,enc,93.9203
NVIDIA GeForce RTX 3080 Ti,1,2.6.0+cu124,5.5.3,sdpa,ta_in,baseline,0.00,0,73,7.80,1109,391,-1,8,enc,93.9069
NVIDIA GeForce RTX 3080 Ti,1,2.6.0+cu124,5.5.3,sdpa,ta_in,baseline,0.00,0,73,7.80,1109,391,-1,9,enc,93.8619
NVIDIA GeForce RTX 3080 Ti,1,2.6.0+cu124,5.5.3,sdpa,ta_in,merged,0.20,0,73,7.80,1109,391,-1,0,enc,88.5821
NVIDIA GeForce RTX 3080 Ti,1,2.6.0+cu124,5.5.3,sdpa,ta_in,merged,0.20,0,73,7.80,1109,391,-1,1,enc,86.9847
NVIDIA GeForce RTX 3080 Ti,1,2.6.0+cu124,5.5.3,sdpa,ta_in,merged,0.20,0,73,7.80,1109,391,-1,2,enc,85.8491
NVIDIA GeForce RTX 3080 Ti,1,2.6.0+cu124,5.5.3,sdpa,ta_in,merged,0.20,0,73,7.80,1109,391,-1,3,enc,85.8570
NVIDIA GeForce RTX 3080 Ti,1,2.6.0+cu124,5.5.3,sdpa,ta_in,merged,0.20,0,73,7.80,1109,391,-1,4,enc,85.5132
NVIDIA GeForce RTX 3080 Ti,1,2.6.0+cu124,5.5.3,sdpa,ta_in,merged,0.20,0,73,7.80,1109,391,-1,5,enc,85.4767
NVIDIA GeForce RTX 3080 Ti,1,2.6.0+cu124,5.5.3,sdpa,ta_in,merged,0.20,0,73,7.80,1109,391,-1,6,enc,85.8211
NVIDIA GeForce RTX 3080 Ti,1,2.6.0+cu124,5.5.3,sdpa,ta_in,merged,0.20,0,73,7.80,1109,391,-1,7,enc,85.2029
NVIDIA GeForce RTX 3080 Ti,1,2.6.0+cu124,5.5.3,sdpa,ta_in,merged,0.20,0,73,7.80,1109,391,-1,8,enc,85.4688
NVIDIA GeForce RTX 3080 Ti,1,2.6.0+cu124,5.5.3,sdpa,ta_in,merged,0.20,0,73,7.80,1109,391,-1,9,enc,85.6545
NVIDIA GeForce RTX 3080 Ti,1,2.6.0+cu124,5.5.3,sdpa,ta_in,merged,0.30,0,73,7.80,1109,391,-1,0,enc,79.8484
NVIDIA GeForce RTX 3080 Ti,1,2.6.0+cu124,5.5.3,sdpa,ta_in,merged,0.30,0,73,7.80,1109,391,-1,1,enc,79.6078
NVIDIA GeForce RTX 3080 Ti,1,2.6.0+cu124,5.5.3,sdpa,ta_in,merged,0.30,0,73,7.80,1109,391,-1,2,enc,79.8884
NVIDIA GeForce RTX 3080 Ti,1,2.6.0+cu124,5.5.3,sdpa,ta_in,merged,0.30,0,73,7.80,1109,391,-1,3,enc,79.8003
NVIDIA GeForce RTX 3080 Ti,1,2.6.0+cu124,5.5.3,sdpa,ta_in,merged,0.30,0,73,7.80,1109,391,-1,4,enc,79.8042
NVIDIA GeForce RTX 3080 Ti,1,2.6.0+cu124,5.5.3,sdpa,ta_in,merged,0.30,0,73,7.80,1109,391,-1,5,enc,79.7234
NVIDIA GeForce RTX 3080 Ti,1,2.6.0+cu124,5.5.3,sdpa,ta_in,merged,0.30,0,73,7.80,1109,391,-1,6,enc,79.8959
NVIDIA GeForce RTX 3080 Ti,1,2.6.0+cu124,5.5.3,sdpa,ta_in,merged,0.30,0,73,7.80,1109,391,-1,7,enc,80.6592
NVIDIA GeForce RTX 3080 Ti,1,2.6.0+cu124,5.5.3,sdpa,ta_in,merged,0.30,0,73,7.80,1109,391,-1,8,enc,80.9021
NVIDIA GeForce RTX 3080 Ti,1,2.6.0+cu124,5.5.3,sdpa,ta_in,merged,0.30,0,73,7.80,1109,391,-1,9,enc,80.9677
NVIDIA GeForce RTX 3080 Ti,1,2.6.0+cu124,5.5.3,sdpa,ta_in,merged,0.40,0,73,7.80,1109,391,-1,0,enc,74.6331
NVIDIA GeForce RTX 3080 Ti,1,2.6.0+cu124,5.5.3,sdpa,ta_in,merged,0.40,0,73,7.80,1109,391,-1,1,enc,74.4233
NVIDIA GeForce RTX 3080 Ti,1,2.6.0+cu124,5.5.3,sdpa,ta_in,merged,0.40,0,73,7.80,1109,391,-1,2,enc,74.7649
NVIDIA GeForce RTX 3080 Ti,1,2.6.0+cu124,5.5.3,sdpa,ta_in,merged,0.40,0,73,7.80,1109,391,-1,3,enc,74.6268
NVIDIA GeForce RTX 3080 Ti,1,2.6.0+cu124,5.5.3,sdpa,ta_in,merged,0.40,0,73,7.80,1109,391,-1,4,enc,74.8685
NVIDIA GeForce RTX 3080 Ti,1,2.6.0+cu124,5.5.3,sdpa,ta_in,merged,0.40,0,73,7.80,1109,391,-1,5,enc,74.9899
NVIDIA GeForce RTX 3080 Ti,1,2.6.0+cu124,5.5.3,sdpa,ta_in,merged,0.40,0,73,7.80,1109,391,-1,6,enc,75.7658
NVIDIA GeForce RTX 3080 Ti,1,2.6.0+cu124,5.5.3,sdpa,ta_in,merged,0.40,0,73,7.80,1109,391,-1,7,enc,75.3521
NVIDIA GeForce RTX 3080 Ti,1,2.6.0+cu124,5.5.3,sdpa,ta_in,merged,0.40,0,73,7.80,1109,391,-1,8,enc,75.7268
NVIDIA GeForce RTX 3080 Ti,1,2.6.0+cu124,5.5.3,sdpa,ta_in,merged,0.40,0,73,7.80,1109,391,-1,9,enc,75.3664
NVIDIA GeForce RTX 3080 Ti,1,2.6.0+cu124,5.5.3,sdpa,ta_in,baseline,0.00,1,78,6.96,1151,349,-1,0,enc,94.8214
NVIDIA GeForce RTX 3080 Ti,1,2.6.0+cu124,5.5.3,sdpa,ta_in,baseline,0.00,1,78,6.96,1151,349,-1,1,enc,94.6883
NVIDIA GeForce RTX 3080 Ti,1,2.6.0+cu124,5.5.3,sdpa,ta_in,baseline,0.00,1,78,6.96,1151,349,-1,2,enc,94.7740
NVIDIA GeForce RTX 3080 Ti,1,2.6.0+cu124,5.5.3,sdpa,ta_in,baseline,0.00,1,78,6.96,1151,349,-1,3,enc,94.8635
NVIDIA GeForce RTX 3080 Ti,1,2.6.0+cu124,5.5.3,sdpa,ta_in,baseline,0.00,1,78,6.96,1151,349,-1,4,enc,94.1517
NVIDIA GeForce RTX 3080 Ti,1,2.6.0+cu124,5.5.3,sdpa,ta_in,baseline,0.00,1,78,6.96,1151,349,-1,5,enc,95.5227
NVIDIA GeForce RTX 3080 Ti,1,2.6.0+cu124,5.5.3,sdpa,ta_in,baseline,0.00,1,78,6.96,1151,349,-1,6,enc,95.6549
NVIDIA GeForce RTX 3080 Ti,1,2.6.0+cu124,5.5.3,sdpa,ta_in,baseline,0.00,1,78,6.96,1151,349,-1,7,enc,95.7727
NVIDIA GeForce RTX 3080 Ti,1,2.6.0+cu124,5.5.3,sdpa,ta_in,baseline,0.00,1,78,6.96,1151,349,-1,8,enc,95.5382
NVIDIA GeForce RTX 3080 Ti,1,2.6.0+cu124,5.5.3,sdpa,ta_in,baseline,0.00,1,78,6.96,1151,349,-1,9,enc,95.3781
NVIDIA GeForce RTX 3080 Ti,1,2.6.0+cu124,5.5.3,sdpa,ta_in,merged,0.20,1,78,6.96,1151,349,-1,0,enc,85.3576
NVIDIA GeForce RTX 3080 Ti,1,2.6.0+cu124,5.5.3,sdpa,ta_in,merged,0.20,1,78,6.96,1151,349,-1,1,enc,85.1180
NVIDIA GeForce RTX 3080 Ti,1,2.6.0+cu124,5.5.3,sdpa,ta_in,merged,0.20,1,78,6.96,1151,349,-1,2,enc,85.6944
NVIDIA GeForce RTX 3080 Ti,1,2.6.0+cu124,5.5.3,sdpa,ta_in,merged,0.20,1,78,6.96,1151,349,-1,3,enc,85.4866
NVIDIA GeForce RTX 3080 Ti,1,2.6.0+cu124,5.5.3,sdpa,ta_in,merged,0.20,1,78,6.96,1151,349,-1,4,enc,87.1379
NVIDIA GeForce RTX 3080 Ti,1,2.6.0+cu124,5.5.3,sdpa,ta_in,merged,0.20,1,78,6.96,1151,349,-1,5,enc,96.1454
NVIDIA GeForce RTX 3080 Ti,1,2.6.0+cu124,5.5.3,sdpa,ta_in,merged,0.20,1,78,6.96,1151,349,-1,6,enc,86.5044
NVIDIA GeForce RTX 3080 Ti,1,2.6.0+cu124,5.5.3,sdpa,ta_in,merged,0.20,1,78,6.96,1151,349,-1,7,enc,85.9016
NVIDIA GeForce RTX 3080 Ti,1,2.6.0+cu124,5.5.3,sdpa,ta_in,merged,0.20,1,78,6.96,1151,349,-1,8,enc,85.4436
NVIDIA GeForce RTX 3080 Ti,1,2.6.0+cu124,5.5.3,sdpa,ta_in,merged,0.20,1,78,6.96,1151,349,-1,9,enc,85.3085
NVIDIA GeForce RTX 3080 Ti,1,2.6.0+cu124,5.5.3,sdpa,ta_in,merged,0.30,1,78,6.96,1151,349,-1,0,enc,80.4011
NVIDIA GeForce RTX 3080 Ti,1,2.6.0+cu124,5.5.3,sdpa,ta_in,merged,0.30,1,78,6.96,1151,349,-1,1,enc,82.3736
NVIDIA GeForce RTX 3080 Ti,1,2.6.0+cu124,5.5.3,sdpa,ta_in,merged,0.30,1,78,6.96,1151,349,-1,2,enc,82.1408
NVIDIA GeForce RTX 3080 Ti,1,2.6.0+cu124,5.5.3,sdpa,ta_in,merged,0.30,1,78,6.96,1151,349,-1,3,enc,81.3435
NVIDIA GeForce RTX 3080 Ti,1,2.6.0+cu124,5.5.3,sdpa,ta_in,merged,0.30,1,78,6.96,1151,349,-1,4,enc,80.4678
NVIDIA GeForce RTX 3080 Ti,1,2.6.0+cu124,5.5.3,sdpa,ta_in,merged,0.30,1,78,6.96,1151,349,-1,5,enc,79.9403
NVIDIA GeForce RTX 3080 Ti,1,2.6.0+cu124,5.5.3,sdpa,ta_in,merged,0.30,1,78,6.96,1151,349,-1,6,enc,79.7224
NVIDIA GeForce RTX 3080 Ti,1,2.6.0+cu124,5.5.3,sdpa,ta_in,merged,0.30,1,78,6.96,1151,349,-1,7,enc,79.5617
NVIDIA GeForce RTX 3080 Ti,1,2.6.0+cu124,5.5.3,sdpa,ta_in,merged,0.30,1,78,6.96,1151,349,-1,8,enc,79.6147
NVIDIA GeForce RTX 3080 Ti,1,2.6.0+cu124,5.5.3,sdpa,ta_in,merged,0.30,1,78,6.96,1151,349,-1,9,enc,79.7573
NVIDIA GeForce RTX 3080 Ti,1,2.6.0+cu124,5.5.3,sdpa,ta_in,merged,0.40,1,78,6.96,1151,349,-1,0,enc,76.0403
NVIDIA GeForce RTX 3080 Ti,1,2.6.0+cu124,5.5.3,sdpa,ta_in,merged,0.40,1,78,6.96,1151,349,-1,1,enc,75.7279
NVIDIA GeForce RTX 3080 Ti,1,2.6.0+cu124,5.5.3,sdpa,ta_in,merged,0.40,1,78,6.96,1151,349,-1,2,enc,74.6947
NVIDIA GeForce RTX 3080 Ti,1,2.6.0+cu124,5.5.3,sdpa,ta_in,merged,0.40,1,78,6.96,1151,349,-1,3,enc,74.8196
NVIDIA GeForce RTX 3080 Ti,1,2.6.0+cu124,5.5.3,sdpa,ta_in,merged,0.40,1,78,6.96,1151,349,-1,4,enc,74.3885
NVIDIA GeForce RTX 3080 Ti,1,2.6.0+cu124,5.5.3,sdpa,ta_in,merged,0.40,1,78,6.96,1151,349,-1,5,enc,74.5421
NVIDIA GeForce RTX 3080 Ti,1,2.6.0+cu124,5.5.3,sdpa,ta_in,merged,0.40,1,78,6.96,1151,349,-1,6,enc,74.2758
NVIDIA GeForce RTX 3080 Ti,1,2.6.0+cu124,5.5.3,sdpa,ta_in,merged,0.40,1,78,6.96,1151,349,-1,7,enc,74.8298
NVIDIA GeForce RTX 3080 Ti,1,2.6.0+cu124,5.5.3,sdpa,ta_in,merged,0.40,1,78,6.96,1151,349,-1,8,enc,74.1527
NVIDIA GeForce RTX 3080 Ti,1,2.6.0+cu124,5.5.3,sdpa,ta_in,merged,0.40,1,78,6.96,1151,349,-1,9,enc,74.4235
NVIDIA GeForce RTX 3080 Ti,1,2.6.0+cu124,5.5.3,sdpa,ta_in,baseline,0.00,2,78,25.44,246,1254,-1,0,enc,96.5120
NVIDIA GeForce RTX 3080 Ti,1,2.6.0+cu124,5.5.3,sdpa,ta_in,baseline,0.00,2,78,25.44,246,1254,-1,1,enc,95.6785
NVIDIA GeForce RTX 3080 Ti,1,2.6.0+cu124,5.5.3,sdpa,ta_in,baseline,0.00,2,78,25.44,246,1254,-1,2,enc,95.6588
NVIDIA GeForce RTX 3080 Ti,1,2.6.0+cu124,5.5.3,sdpa,ta_in,baseline,0.00,2,78,25.44,246,1254,-1,3,enc,95.1552
NVIDIA GeForce RTX 3080 Ti,1,2.6.0+cu124,5.5.3,sdpa,ta_in,baseline,0.00,2,78,25.44,246,1254,-1,4,enc,94.9330
NVIDIA GeForce RTX 3080 Ti,1,2.6.0+cu124,5.5.3,sdpa,ta_in,baseline,0.00,2,78,25.44,246,1254,-1,5,enc,94.8111
NVIDIA GeForce RTX 3080 Ti,1,2.6.0+cu124,5.5.3,sdpa,ta_in,baseline,0.00,2,78,25.44,246,1254,-1,6,enc,94.3183
NVIDIA GeForce RTX 3080 Ti,1,2.6.0+cu124,5.5.3,sdpa,ta_in,baseline,0.00,2,78,25.44,246,1254,-1,7,enc,94.9340
NVIDIA GeForce RTX 3080 Ti,1,2.6.0+cu124,5.5.3,sdpa,ta_in,baseline,0.00,2,78,25.44,246,1254,-1,8,enc,95.6140
NVIDIA GeForce RTX 3080 Ti,1,2.6.0+cu124,5.5.3,sdpa,ta_in,baseline,0.00,2,78,25.44,246,1254,-1,9,enc,96.3828
NVIDIA GeForce RTX 3080 Ti,1,2.6.0+cu124,5.5.3,sdpa,ta_in,merged,0.20,2,78,25.44,246,1254,-1,0,enc,86.2218
NVIDIA GeForce RTX 3080 Ti,1,2.6.0+cu124,5.5.3,sdpa,ta_in,merged,0.20,2,78,25.44,246,1254,-1,1,enc,86.2198
NVIDIA GeForce RTX 3080 Ti,1,2.6.0+cu124,5.5.3,sdpa,ta_in,merged,0.20,2,78,25.44,246,1254,-1,2,enc,85.4999
NVIDIA GeForce RTX 3080 Ti,1,2.6.0+cu124,5.5.3,sdpa,ta_in,merged,0.20,2,78,25.44,246,1254,-1,3,enc,86.0703
NVIDIA GeForce RTX 3080 Ti,1,2.6.0+cu124,5.5.3,sdpa,ta_in,merged,0.20,2,78,25.44,246,1254,-1,4,enc,86.9210
NVIDIA GeForce RTX 3080 Ti,1,2.6.0+cu124,5.5.3,sdpa,ta_in,merged,0.20,2,78,25.44,246,1254,-1,5,enc,86.5843
NVIDIA GeForce RTX 3080 Ti,1,2.6.0+cu124,5.5.3,sdpa,ta_in,merged,0.20,2,78,25.44,246,1254,-1,6,enc,86.5147
NVIDIA GeForce RTX 3080 Ti,1,2.6.0+cu124,5.5.3,sdpa,ta_in,merged,0.20,2,78,25.44,246,1254,-1,7,enc,87.2397
NVIDIA GeForce RTX 3080 Ti,1,2.6.0+cu124,5.5.3,sdpa,ta_in,merged,0.20,2,78,25.44,246,1254,-1,8,enc,86.9284
NVIDIA GeForce RTX 3080 Ti,1,2.6.0+cu124,5.5.3,sdpa,ta_in,merged,0.20,2,78,25.44,246,1254,-1,9,enc,86.7627
NVIDIA GeForce RTX 3080 Ti,1,2.6.0+cu124,5.5.3,sdpa,ta_in,merged,0.30,2,78,25.44,246,1254,-1,0,enc,79.5925
NVIDIA GeForce RTX 3080 Ti,1,2.6.0+cu124,5.5.3,sdpa,ta_in,merged,0.30,2,78,25.44,246,1254,-1,1,enc,79.7904
NVIDIA GeForce RTX 3080 Ti,1,2.6.0+cu124,5.5.3,sdpa,ta_in,merged,0.30,2,78,25.44,246,1254,-1,2,enc,80.2384
NVIDIA GeForce RTX 3080 Ti,1,2.6.0+cu124,5.5.3,sdpa,ta_in,merged,0.30,2,78,25.44,246,1254,-1,3,enc,79.7480
NVIDIA GeForce RTX 3080 Ti,1,2.6.0+cu124,5.5.3,sdpa,ta_in,merged,0.30,2,78,25.44,246,1254,-1,4,enc,80.2212
NVIDIA GeForce RTX 3080 Ti,1,2.6.0+cu124,5.5.3,sdpa,ta_in,merged,0.30,2,78,25.44,246,1254,-1,5,enc,86.8781
NVIDIA GeForce RTX 3080 Ti,1,2.6.0+cu124,5.5.3,sdpa,ta_in,merged,0.30,2,78,25.44,246,1254,-1,6,enc,86.5157
NVIDIA GeForce RTX 3080 Ti,1,2.6.0+cu124,5.5.3,sdpa,ta_in,merged,0.30,2,78,25.44,246,1254,-1,7,enc,80.1126
NVIDIA GeForce RTX 3080 Ti,1,2.6.0+cu124,5.5.3,sdpa,ta_in,merged,0.30,2,78,25.44,246,1254,-1,8,enc,79.8313
NVIDIA GeForce RTX 3080 Ti,1,2.6.0+cu124,5.5.3,sdpa,ta_in,merged,0.30,2,78,25.44,246,1254,-1,9,enc,79.5587
NVIDIA GeForce RTX 3080 Ti,1,2.6.0+cu124,5.5.3,sdpa,ta_in,merged,0.40,2,78,25.44,246,1254,-1,0,enc,74.6537
NVIDIA GeForce RTX 3080 Ti,1,2.6.0+cu124,5.5.3,sdpa,ta_in,merged,0.40,2,78,25.44,246,1254,-1,1,enc,74.5062
NVIDIA GeForce RTX 3080 Ti,1,2.6.0+cu124,5.5.3,sdpa,ta_in,merged,0.40,2,78,25.44,246,1254,-1,2,enc,76.3935
NVIDIA GeForce RTX 3080 Ti,1,2.6.0+cu124,5.5.3,sdpa,ta_in,merged,0.40,2,78,25.44,246,1254,-1,3,enc,77.6539
NVIDIA GeForce RTX 3080 Ti,1,2.6.0+cu124,5.5.3,sdpa,ta_in,merged,0.40,2,78,25.44,246,1254,-1,4,enc,76.1006
NVIDIA GeForce RTX 3080 Ti,1,2.6.0+cu124,5.5.3,sdpa,ta_in,merged,0.40,2,78,25.44,246,1254,-1,5,enc,75.1747
NVIDIA GeForce RTX 3080 Ti,1,2.6.0+cu124,5.5.3,sdpa,ta_in,merged,0.40,2,78,25.44,246,1254,-1,6,enc,74.6385
NVIDIA GeForce RTX 3080 Ti,1,2.6.0+cu124,5.5.3,sdpa,ta_in,merged,0.40,2,78,25.44,246,1254,-1,7,enc,74.6957
NVIDIA GeForce RTX 3080 Ti,1,2.6.0+cu124,5.5.3,sdpa,ta_in,merged,0.40,2,78,25.44,246,1254,-1,8,enc,74.4366
NVIDIA GeForce RTX 3080 Ti,1,2.6.0+cu124,5.5.3,sdpa,ta_in,merged,0.40,2,78,25.44,246,1254,-1,9,enc,74.3762
NVIDIA GeForce RTX 3080 Ti,1,2.6.0+cu124,5.5.3,sdpa,ta_in,baseline,0.00,3,78,14.88,755,745,-1,0,enc,94.5275
NVIDIA GeForce RTX 3080 Ti,1,2.6.0+cu124,5.5.3,sdpa,ta_in,baseline,0.00,3,78,14.88,755,745,-1,1,enc,96.2028
NVIDIA GeForce RTX 3080 Ti,1,2.6.0+cu124,5.5.3,sdpa,ta_in,baseline,0.00,3,78,14.88,755,745,-1,2,enc,98.2413
NVIDIA GeForce RTX 3080 Ti,1,2.6.0+cu124,5.5.3,sdpa,ta_in,baseline,0.00,3,78,14.88,755,745,-1,3,enc,97.1944
NVIDIA GeForce RTX 3080 Ti,1,2.6.0+cu124,5.5.3,sdpa,ta_in,baseline,0.00,3,78,14.88,755,745,-1,4,enc,95.6928
NVIDIA GeForce RTX 3080 Ti,1,2.6.0+cu124,5.5.3,sdpa,ta_in,baseline,0.00,3,78,14.88,755,745,-1,5,enc,94.9002
NVIDIA GeForce RTX 3080 Ti,1,2.6.0+cu124,5.5.3,sdpa,ta_in,baseline,0.00,3,78,14.88,755,745,-1,6,enc,94.3493
NVIDIA GeForce RTX 3080 Ti,1,2.6.0+cu124,5.5.3,sdpa,ta_in,baseline,0.00,3,78,14.88,755,745,-1,7,enc,94.7069
NVIDIA GeForce RTX 3080 Ti,1,2.6.0+cu124,5.5.3,sdpa,ta_in,baseline,0.00,3,78,14.88,755,745,-1,8,enc,94.4875
NVIDIA GeForce RTX 3080 Ti,1,2.6.0+cu124,5.5.3,sdpa,ta_in,baseline,0.00,3,78,14.88,755,745,-1,9,enc,94.7057
NVIDIA GeForce RTX 3080 Ti,1,2.6.0+cu124,5.5.3,sdpa,ta_in,merged,0.20,3,78,14.88,755,745,-1,0,enc,86.4686
NVIDIA GeForce RTX 3080 Ti,1,2.6.0+cu124,5.5.3,sdpa,ta_in,merged,0.20,3,78,14.88,755,745,-1,1,enc,86.6898
NVIDIA GeForce RTX 3080 Ti,1,2.6.0+cu124,5.5.3,sdpa,ta_in,merged,0.20,3,78,14.88,755,745,-1,2,enc,86.0127
NVIDIA GeForce RTX 3080 Ti,1,2.6.0+cu124,5.5.3,sdpa,ta_in,merged,0.20,3,78,14.88,755,745,-1,3,enc,85.3645
NVIDIA GeForce RTX 3080 Ti,1,2.6.0+cu124,5.5.3,sdpa,ta_in,merged,0.20,3,78,14.88,755,745,-1,4,enc,86.5820
NVIDIA GeForce RTX 3080 Ti,1,2.6.0+cu124,5.5.3,sdpa,ta_in,merged,0.20,3,78,14.88,755,745,-1,5,enc,85.7795
NVIDIA GeForce RTX 3080 Ti,1,2.6.0+cu124,5.5.3,sdpa,ta_in,merged,0.20,3,78,14.88,755,745,-1,6,enc,86.3383
NVIDIA GeForce RTX 3080 Ti,1,2.6.0+cu124,5.5.3,sdpa,ta_in,merged,0.20,3,78,14.88,755,745,-1,7,enc,86.2350
NVIDIA GeForce RTX 3080 Ti,1,2.6.0+cu124,5.5.3,sdpa,ta_in,merged,0.20,3,78,14.88,755,745,-1,8,enc,87.0785
NVIDIA GeForce RTX 3080 Ti,1,2.6.0+cu124,5.5.3,sdpa,ta_in,merged,0.20,3,78,14.88,755,745,-1,9,enc,87.9022
NVIDIA GeForce RTX 3080 Ti,1,2.6.0+cu124,5.5.3,sdpa,ta_in,merged,0.30,3,78,14.88,755,745,-1,0,enc,80.2164
NVIDIA GeForce RTX 3080 Ti,1,2.6.0+cu124,5.5.3,sdpa,ta_in,merged,0.30,3,78,14.88,755,745,-1,1,enc,80.2048
NVIDIA GeForce RTX 3080 Ti,1,2.6.0+cu124,5.5.3,sdpa,ta_in,merged,0.30,3,78,14.88,755,745,-1,2,enc,80.6083
NVIDIA GeForce RTX 3080 Ti,1,2.6.0+cu124,5.5.3,sdpa,ta_in,merged,0.30,3,78,14.88,755,745,-1,3,enc,80.2854
NVIDIA GeForce RTX 3080 Ti,1,2.6.0+cu124,5.5.3,sdpa,ta_in,merged,0.30,3,78,14.88,755,745,-1,4,enc,80.8479
NVIDIA GeForce RTX 3080 Ti,1,2.6.0+cu124,5.5.3,sdpa,ta_in,merged,0.30,3,78,14.88,755,745,-1,5,enc,81.1039
NVIDIA GeForce RTX 3080 Ti,1,2.6.0+cu124,5.5.3,sdpa,ta_in,merged,0.30,3,78,14.88,755,745,-1,6,enc,81.5033
NVIDIA GeForce RTX 3080 Ti,1,2.6.0+cu124,5.5.3,sdpa,ta_in,merged,0.30,3,78,14.88,755,745,-1,7,enc,81.2492
NVIDIA GeForce RTX 3080 Ti,1,2.6.0+cu124,5.5.3,sdpa,ta_in,merged,0.30,3,78,14.88,755,745,-1,8,enc,81.3332
NVIDIA GeForce RTX 3080 Ti,1,2.6.0+cu124,5.5.3,sdpa,ta_in,merged,0.30,3,78,14.88,755,745,-1,9,enc,80.4902
NVIDIA GeForce RTX 3080 Ti,1,2.6.0+cu124,5.5.3,sdpa,ta_in,merged,0.40,3,78,14.88,755,745,-1,0,enc,74.5861
NVIDIA GeForce RTX 3080 Ti,1,2.6.0+cu124,5.5.3,sdpa,ta_in,merged,0.40,3,78,14.88,755,745,-1,1,enc,74.6107
NVIDIA GeForce RTX 3080 Ti,1,2.6.0+cu124,5.5.3,sdpa,ta_in,merged,0.40,3,78,14.88,755,745,-1,2,enc,74.3465
NVIDIA GeForce RTX 3080 Ti,1,2.6.0+cu124,5.5.3,sdpa,ta_in,merged,0.40,3,78,14.88,755,745,-1,3,enc,74.6804
NVIDIA GeForce RTX 3080 Ti,1,2.6.0+cu124,5.5.3,sdpa,ta_in,merged,0.40,3,78,14.88,755,745,-1,4,enc,74.6055
NVIDIA GeForce RTX 3080 Ti,1,2.6.0+cu124,5.5.3,sdpa,ta_in,merged,0.40,3,78,14.88,755,745,-1,5,enc,74.4671
NVIDIA GeForce RTX 3080 Ti,1,2.6.0+cu124,5.5.3,sdpa,ta_in,merged,0.40,3,78,14.88,755,745,-1,6,enc,82.3501
NVIDIA GeForce RTX 3080 Ti,1,2.6.0+cu124,5.5.3,sdpa,ta_in,merged,0.40,3,78,14.88,755,745,-1,7,enc,77.9151
NVIDIA GeForce RTX 3080 Ti,1,2.6.0+cu124,5.5.3,sdpa,ta_in,merged,0.40,3,78,14.88,755,745,-1,8,enc,74.7571
NVIDIA GeForce RTX 3080 Ti,1,2.6.0+cu124,5.5.3,sdpa,ta_in,merged,0.40,3,78,14.88,755,745,-1,9,enc,74.3455
NVIDIA GeForce RTX 3080 Ti,1,2.6.0+cu124,5.5.3,sdpa,ta_in,baseline,0.00,4,78,10.24,993,507,-1,0,enc,94.0800
NVIDIA GeForce RTX 3080 Ti,1,2.6.0+cu124,5.5.3,sdpa,ta_in,baseline,0.00,4,78,10.24,993,507,-1,1,enc,94.3452
NVIDIA GeForce RTX 3080 Ti,1,2.6.0+cu124,5.5.3,sdpa,ta_in,baseline,0.00,4,78,10.24,993,507,-1,2,enc,94.7497
NVIDIA GeForce RTX 3080 Ti,1,2.6.0+cu124,5.5.3,sdpa,ta_in,baseline,0.00,4,78,10.24,993,507,-1,3,enc,97.0209
NVIDIA GeForce RTX 3080 Ti,1,2.6.0+cu124,5.5.3,sdpa,ta_in,baseline,0.00,4,78,10.24,993,507,-1,4,enc,109.1757
NVIDIA GeForce RTX 3080 Ti,1,2.6.0+cu124,5.5.3,sdpa,ta_in,baseline,0.00,4,78,10.24,993,507,-1,5,enc,95.0456
NVIDIA GeForce RTX 3080 Ti,1,2.6.0+cu124,5.5.3,sdpa,ta_in,baseline,0.00,4,78,10.24,993,507,-1,6,enc,94.3862
NVIDIA GeForce RTX 3080 Ti,1,2.6.0+cu124,5.5.3,sdpa,ta_in,baseline,0.00,4,78,10.24,993,507,-1,7,enc,94.2168
NVIDIA GeForce RTX 3080 Ti,1,2.6.0+cu124,5.5.3,sdpa,ta_in,baseline,0.00,4,78,10.24,993,507,-1,8,enc,94.3698
NVIDIA GeForce RTX 3080 Ti,1,2.6.0+cu124,5.5.3,sdpa,ta_in,baseline,0.00,4,78,10.24,993,507,-1,9,enc,94.6197
NVIDIA GeForce RTX 3080 Ti,1,2.6.0+cu124,5.5.3,sdpa,ta_in,merged,0.20,4,78,10.24,993,507,-1,0,enc,88.3159
NVIDIA GeForce RTX 3080 Ti,1,2.6.0+cu124,5.5.3,sdpa,ta_in,merged,0.20,4,78,10.24,993,507,-1,1,enc,86.7594
NVIDIA GeForce RTX 3080 Ti,1,2.6.0+cu124,5.5.3,sdpa,ta_in,merged,0.20,4,78,10.24,993,507,-1,2,enc,85.9911
NVIDIA GeForce RTX 3080 Ti,1,2.6.0+cu124,5.5.3,sdpa,ta_in,merged,0.20,4,78,10.24,993,507,-1,3,enc,85.9740
NVIDIA GeForce RTX 3080 Ti,1,2.6.0+cu124,5.5.3,sdpa,ta_in,merged,0.20,4,78,10.24,993,507,-1,4,enc,85.7108
NVIDIA GeForce RTX 3080 Ti,1,2.6.0+cu124,5.5.3,sdpa,ta_in,merged,0.20,4,78,10.24,993,507,-1,5,enc,85.9607
NVIDIA GeForce RTX 3080 Ti,1,2.6.0+cu124,5.5.3,sdpa,ta_in,merged,0.20,4,78,10.24,993,507,-1,6,enc,86.0928
NVIDIA GeForce RTX 3080 Ti,1,2.6.0+cu124,5.5.3,sdpa,ta_in,merged,0.20,4,78,10.24,993,507,-1,7,enc,86.1100
NVIDIA GeForce RTX 3080 Ti,1,2.6.0+cu124,5.5.3,sdpa,ta_in,merged,0.20,4,78,10.24,993,507,-1,8,enc,86.4314
NVIDIA GeForce RTX 3080 Ti,1,2.6.0+cu124,5.5.3,sdpa,ta_in,merged,0.20,4,78,10.24,993,507,-1,9,enc,86.6291
NVIDIA GeForce RTX 3080 Ti,1,2.6.0+cu124,5.5.3,sdpa,ta_in,merged,0.30,4,78,10.24,993,507,-1,0,enc,80.3645
NVIDIA GeForce RTX 3080 Ti,1,2.6.0+cu124,5.5.3,sdpa,ta_in,merged,0.30,4,78,10.24,993,507,-1,1,enc,79.9580
NVIDIA GeForce RTX 3080 Ti,1,2.6.0+cu124,5.5.3,sdpa,ta_in,merged,0.30,4,78,10.24,993,507,-1,2,enc,80.1331
NVIDIA GeForce RTX 3080 Ti,1,2.6.0+cu124,5.5.3,sdpa,ta_in,merged,0.30,4,78,10.24,993,507,-1,3,enc,79.8392
NVIDIA GeForce RTX 3080 Ti,1,2.6.0+cu124,5.5.3,sdpa,ta_in,merged,0.30,4,78,10.24,993,507,-1,4,enc,80.2856
NVIDIA GeForce RTX 3080 Ti,1,2.6.0+cu124,5.5.3,sdpa,ta_in,merged,0.30,4,78,10.24,993,507,-1,5,enc,80.6789
NVIDIA GeForce RTX 3080 Ti,1,2.6.0+cu124,5.5.3,sdpa,ta_in,merged,0.30,4,78,10.24,993,507,-1,6,enc,80.8632
NVIDIA GeForce RTX 3080 Ti,1,2.6.0+cu124,5.5.3,sdpa,ta_in,merged,0.30,4,78,10.24,993,507,-1,7,enc,81.3947
NVIDIA GeForce RTX 3080 Ti,1,2.6.0+cu124,5.5.3,sdpa,ta_in,merged,0.30,4,78,10.24,993,507,-1,8,enc,81.7183
NVIDIA GeForce RTX 3080 Ti,1,2.6.0+cu124,5.5.3,sdpa,ta_in,merged,0.30,4,78,10.24,993,507,-1,9,enc,80.3379
NVIDIA GeForce RTX 3080 Ti,1,2.6.0+cu124,5.5.3,sdpa,ta_in,merged,0.40,4,78,10.24,993,507,-1,0,enc,74.8278
NVIDIA GeForce RTX 3080 Ti,1,2.6.0+cu124,5.5.3,sdpa,ta_in,merged,0.40,4,78,10.24,993,507,-1,1,enc,74.4888
NVIDIA GeForce RTX 3080 Ti,1,2.6.0+cu124,5.5.3,sdpa,ta_in,merged,0.40,4,78,10.24,993,507,-1,2,enc,75.0049
NVIDIA GeForce RTX 3080 Ti,1,2.6.0+cu124,5.5.3,sdpa,ta_in,merged,0.40,4,78,10.24,993,507,-1,3,enc,75.4422
NVIDIA GeForce RTX 3080 Ti,1,2.6.0+cu124,5.5.3,sdpa,ta_in,merged,0.40,4,78,10.24,993,507,-1,4,enc,75.1852
NVIDIA GeForce RTX 3080 Ti,1,2.6.0+cu124,5.5.3,sdpa,ta_in,merged,0.40,4,78,10.24,993,507,-1,5,enc,75.8344
NVIDIA GeForce RTX 3080 Ti,1,2.6.0+cu124,5.5.3,sdpa,ta_in,merged,0.40,4,78,10.24,993,507,-1,6,enc,75.5579
NVIDIA GeForce RTX 3080 Ti,1,2.6.0+cu124,5.5.3,sdpa,ta_in,merged,0.40,4,78,10.24,993,507,-1,7,enc,75.6470
NVIDIA GeForce RTX 3080 Ti,1,2.6.0+cu124,5.5.3,sdpa,ta_in,merged,0.40,4,78,10.24,993,507,-1,8,enc,75.4330
NVIDIA GeForce RTX 3080 Ti,1,2.6.0+cu124,5.5.3,sdpa,ta_in,merged,0.40,4,78,10.24,993,507,-1,9,enc,75.0551
NVIDIA GeForce RTX 3080 Ti,1,2.6.0+cu124,5.5.3,sdpa,ta_in,baseline,0.00,5,78,20.82,469,1031,-1,0,enc,95.6744
NVIDIA GeForce RTX 3080 Ti,1,2.6.0+cu124,5.5.3,sdpa,ta_in,baseline,0.00,5,78,20.82,469,1031,-1,1,enc,95.2197
NVIDIA GeForce RTX 3080 Ti,1,2.6.0+cu124,5.5.3,sdpa,ta_in,baseline,0.00,5,78,20.82,469,1031,-1,2,enc,94.8593
NVIDIA GeForce RTX 3080 Ti,1,2.6.0+cu124,5.5.3,sdpa,ta_in,baseline,0.00,5,78,20.82,469,1031,-1,3,enc,95.5044
NVIDIA GeForce RTX 3080 Ti,1,2.6.0+cu124,5.5.3,sdpa,ta_in,baseline,0.00,5,78,20.82,469,1031,-1,4,enc,95.2081
NVIDIA GeForce RTX 3080 Ti,1,2.6.0+cu124,5.5.3,sdpa,ta_in,baseline,0.00,5,78,20.82,469,1031,-1,5,enc,95.6119
NVIDIA GeForce RTX 3080 Ti,1,2.6.0+cu124,5.5.3,sdpa,ta_in,baseline,0.00,5,78,20.82,469,1031,-1,6,enc,96.3942
NVIDIA GeForce RTX 3080 Ti,1,2.6.0+cu124,5.5.3,sdpa,ta_in,baseline,0.00,5,78,20.82,469,1031,-1,7,enc,96.3594
NVIDIA GeForce RTX 3080 Ti,1,2.6.0+cu124,5.5.3,sdpa,ta_in,baseline,0.00,5,78,20.82,469,1031,-1,8,enc,96.0471
NVIDIA GeForce RTX 3080 Ti,1,2.6.0+cu124,5.5.3,sdpa,ta_in,baseline,0.00,5,78,20.82,469,1031,-1,9,enc,95.7061
NVIDIA GeForce RTX 3080 Ti,1,2.6.0+cu124,5.5.3,sdpa,ta_in,merged,0.20,5,78,20.82,469,1031,-1,0,enc,86.3270
NVIDIA GeForce RTX 3080 Ti,1,2.6.0+cu124,5.5.3,sdpa,ta_in,merged,0.20,5,78,20.82,469,1031,-1,1,enc,85.7105
NVIDIA GeForce RTX 3080 Ti,1,2.6.0+cu124,5.5.3,sdpa,ta_in,merged,0.20,5,78,20.82,469,1031,-1,2,enc,85.8522
NVIDIA GeForce RTX 3080 Ti,1,2.6.0+cu124,5.5.3,sdpa,ta_in,merged,0.20,5,78,20.82,469,1031,-1,3,enc,86.0086
NVIDIA GeForce RTX 3080 Ti,1,2.6.0+cu124,5.5.3,sdpa,ta_in,merged,0.20,5,78,20.82,469,1031,-1,4,enc,87.2837
NVIDIA GeForce RTX 3080 Ti,1,2.6.0+cu124,5.5.3,sdpa,ta_in,merged,0.20,5,78,20.82,469,1031,-1,5,enc,96.2089
NVIDIA GeForce RTX 3080 Ti,1,2.6.0+cu124,5.5.3,sdpa,ta_in,merged,0.20,5,78,20.82,469,1031,-1,6,enc,86.3935
NVIDIA GeForce RTX 3080 Ti,1,2.6.0+cu124,5.5.3,sdpa,ta_in,merged,0.20,5,78,20.82,469,1031,-1,7,enc,85.5951
NVIDIA GeForce RTX 3080 Ti,1,2.6.0+cu124,5.5.3,sdpa,ta_in,merged,0.20,5,78,20.82,469,1031,-1,8,enc,86.2350
NVIDIA GeForce RTX 3080 Ti,1,2.6.0+cu124,5.5.3,sdpa,ta_in,merged,0.20,5,78,20.82,469,1031,-1,9,enc,86.0208
NVIDIA GeForce RTX 3080 Ti,1,2.6.0+cu124,5.5.3,sdpa,ta_in,merged,0.30,5,78,20.82,469,1031,-1,0,enc,81.1377
NVIDIA GeForce RTX 3080 Ti,1,2.6.0+cu124,5.5.3,sdpa,ta_in,merged,0.30,5,78,20.82,469,1031,-1,1,enc,83.0820
NVIDIA GeForce RTX 3080 Ti,1,2.6.0+cu124,5.5.3,sdpa,ta_in,merged,0.30,5,78,20.82,469,1031,-1,2,enc,81.7889
NVIDIA GeForce RTX 3080 Ti,1,2.6.0+cu124,5.5.3,sdpa,ta_in,merged,0.30,5,78,20.82,469,1031,-1,3,enc,81.2093
NVIDIA GeForce RTX 3080 Ti,1,2.6.0+cu124,5.5.3,sdpa,ta_in,merged,0.30,5,78,20.82,469,1031,-1,4,enc,80.9851
NVIDIA GeForce RTX 3080 Ti,1,2.6.0+cu124,5.5.3,sdpa,ta_in,merged,0.30,5,78,20.82,469,1031,-1,5,enc,80.4065
NVIDIA GeForce RTX 3080 Ti,1,2.6.0+cu124,5.5.3,sdpa,ta_in,merged,0.30,5,78,20.82,469,1031,-1,6,enc,80.2120
NVIDIA GeForce RTX 3080 Ti,1,2.6.0+cu124,5.5.3,sdpa,ta_in,merged,0.30,5,78,20.82,469,1031,-1,7,enc,79.8873
NVIDIA GeForce RTX 3080 Ti,1,2.6.0+cu124,5.5.3,sdpa,ta_in,merged,0.30,5,78,20.82,469,1031,-1,8,enc,80.3901
NVIDIA GeForce RTX 3080 Ti,1,2.6.0+cu124,5.5.3,sdpa,ta_in,merged,0.30,5,78,20.82,469,1031,-1,9,enc,80.2983
NVIDIA GeForce RTX 3080 Ti,1,2.6.0+cu124,5.5.3,sdpa,ta_in,merged,0.40,5,78,20.82,469,1031,-1,0,enc,75.9009
NVIDIA GeForce RTX 3080 Ti,1,2.6.0+cu124,5.5.3,sdpa,ta_in,merged,0.40,5,78,20.82,469,1031,-1,1,enc,75.8971
NVIDIA GeForce RTX 3080 Ti,1,2.6.0+cu124,5.5.3,sdpa,ta_in,merged,0.40,5,78,20.82,469,1031,-1,2,enc,75.3664
NVIDIA GeForce RTX 3080 Ti,1,2.6.0+cu124,5.5.3,sdpa,ta_in,merged,0.40,5,78,20.82,469,1031,-1,3,enc,74.9261
NVIDIA GeForce RTX 3080 Ti,1,2.6.0+cu124,5.5.3,sdpa,ta_in,merged,0.40,5,78,20.82,469,1031,-1,4,enc,74.9570
NVIDIA GeForce RTX 3080 Ti,1,2.6.0+cu124,5.5.3,sdpa,ta_in,merged,0.40,5,78,20.82,469,1031,-1,5,enc,74.7355
NVIDIA GeForce RTX 3080 Ti,1,2.6.0+cu124,5.5.3,sdpa,ta_in,merged,0.40,5,78,20.82,469,1031,-1,6,enc,74.7151
NVIDIA GeForce RTX 3080 Ti,1,2.6.0+cu124,5.5.3,sdpa,ta_in,merged,0.40,5,78,20.82,469,1031,-1,7,enc,74.7394
NVIDIA GeForce RTX 3080 Ti,1,2.6.0+cu124,5.5.3,sdpa,ta_in,merged,0.40,5,78,20.82,469,1031,-1,8,enc,74.6711
NVIDIA GeForce RTX 3080 Ti,1,2.6.0+cu124,5.5.3,sdpa,ta_in,merged,0.40,5,78,20.82,469,1031,-1,9,enc,74.9752
NVIDIA GeForce RTX 3080 Ti,1,2.6.0+cu124,5.5.3,sdpa,ta_in,baseline,0.00,6,79,14.70,771,729,-1,0,enc,97.4848
NVIDIA GeForce RTX 3080 Ti,1,2.6.0+cu124,5.5.3,sdpa,ta_in,baseline,0.00,6,79,14.70,771,729,-1,1,enc,96.5769
NVIDIA GeForce RTX 3080 Ti,1,2.6.0+cu124,5.5.3,sdpa,ta_in,baseline,0.00,6,79,14.70,771,729,-1,2,enc,95.7010
NVIDIA GeForce RTX 3080 Ti,1,2.6.0+cu124,5.5.3,sdpa,ta_in,baseline,0.00,6,79,14.70,771,729,-1,3,enc,95.2187
NVIDIA GeForce RTX 3080 Ti,1,2.6.0+cu124,5.5.3,sdpa,ta_in,baseline,0.00,6,79,14.70,771,729,-1,4,enc,94.8201
NVIDIA GeForce RTX 3080 Ti,1,2.6.0+cu124,5.5.3,sdpa,ta_in,baseline,0.00,6,79,14.70,771,729,-1,5,enc,94.6883
NVIDIA GeForce RTX 3080 Ti,1,2.6.0+cu124,5.5.3,sdpa,ta_in,baseline,0.00,6,79,14.70,771,729,-1,6,enc,94.7149
NVIDIA GeForce RTX 3080 Ti,1,2.6.0+cu124,5.5.3,sdpa,ta_in,baseline,0.00,6,79,14.70,771,729,-1,7,enc,94.7866
NVIDIA GeForce RTX 3080 Ti,1,2.6.0+cu124,5.5.3,sdpa,ta_in,baseline,0.00,6,79,14.70,771,729,-1,8,enc,95.7221
NVIDIA GeForce RTX 3080 Ti,1,2.6.0+cu124,5.5.3,sdpa,ta_in,baseline,0.00,6,79,14.70,771,729,-1,9,enc,96.5745
NVIDIA GeForce RTX 3080 Ti,1,2.6.0+cu124,5.5.3,sdpa,ta_in,merged,0.20,6,79,14.70,771,729,-1,0,enc,86.0518
NVIDIA GeForce RTX 3080 Ti,1,2.6.0+cu124,5.5.3,sdpa,ta_in,merged,0.20,6,79,14.70,771,729,-1,1,enc,86.4706
NVIDIA GeForce RTX 3080 Ti,1,2.6.0+cu124,5.5.3,sdpa,ta_in,merged,0.20,6,79,14.70,771,729,-1,2,enc,85.7202
NVIDIA GeForce RTX 3080 Ti,1,2.6.0+cu124,5.5.3,sdpa,ta_in,merged,0.20,6,79,14.70,771,729,-1,3,enc,86.0259
NVIDIA GeForce RTX 3080 Ti,1,2.6.0+cu124,5.5.3,sdpa,ta_in,merged,0.20,6,79,14.70,771,729,-1,4,enc,86.5208
NVIDIA GeForce RTX 3080 Ti,1,2.6.0+cu124,5.5.3,sdpa,ta_in,merged,0.20,6,79,14.70,771,729,-1,5,enc,86.8690
NVIDIA GeForce RTX 3080 Ti,1,2.6.0+cu124,5.5.3,sdpa,ta_in,merged,0.20,6,79,14.70,771,729,-1,6,enc,87.5068
NVIDIA GeForce RTX 3080 Ti,1,2.6.0+cu124,5.5.3,sdpa,ta_in,merged,0.20,6,79,14.70,771,729,-1,7,enc,87.6851
NVIDIA GeForce RTX 3080 Ti,1,2.6.0+cu124,5.5.3,sdpa,ta_in,merged,0.20,6,79,14.70,771,729,-1,8,enc,87.2099
NVIDIA GeForce RTX 3080 Ti,1,2.6.0+cu124,5.5.3,sdpa,ta_in,merged,0.20,6,79,14.70,771,729,-1,9,enc,86.9990
NVIDIA GeForce RTX 3080 Ti,1,2.6.0+cu124,5.5.3,sdpa,ta_in,merged,0.30,6,79,14.70,771,729,-1,0,enc,79.7133
NVIDIA GeForce RTX 3080 Ti,1,2.6.0+cu124,5.5.3,sdpa,ta_in,merged,0.30,6,79,14.70,771,729,-1,1,enc,79.7635
NVIDIA GeForce RTX 3080 Ti,1,2.6.0+cu124,5.5.3,sdpa,ta_in,merged,0.30,6,79,14.70,771,729,-1,2,enc,80.4854
NVIDIA GeForce RTX 3080 Ti,1,2.6.0+cu124,5.5.3,sdpa,ta_in,merged,0.30,6,79,14.70,771,729,-1,3,enc,80.8745
NVIDIA GeForce RTX 3080 Ti,1,2.6.0+cu124,5.5.3,sdpa,ta_in,merged,0.30,6,79,14.70,771,729,-1,4,enc,80.8192
NVIDIA GeForce RTX 3080 Ti,1,2.6.0+cu124,5.5.3,sdpa,ta_in,merged,0.30,6,79,14.70,771,729,-1,5,enc,88.1715
NVIDIA GeForce RTX 3080 Ti,1,2.6.0+cu124,5.5.3,sdpa,ta_in,merged,0.30,6,79,14.70,771,729,-1,6,enc,85.7508
NVIDIA GeForce RTX 3080 Ti,1,2.6.0+cu124,5.5.3,sdpa,ta_in,merged,0.30,6,79,14.70,771,729,-1,7,enc,80.0901
NVIDIA GeForce RTX 3080 Ti,1,2.6.0+cu124,5.5.3,sdpa,ta_in,merged,0.30,6,79,14.70,771,729,-1,8,enc,79.7348
NVIDIA GeForce RTX 3080 Ti,1,2.6.0+cu124,5.5.3,sdpa,ta_in,merged,0.30,6,79,14.70,771,729,-1,9,enc,79.8923
NVIDIA GeForce RTX 3080 Ti,1,2.6.0+cu124,5.5.3,sdpa,ta_in,merged,0.40,6,79,14.70,771,729,-1,0,enc,74.6004
NVIDIA GeForce RTX 3080 Ti,1,2.6.0+cu124,5.5.3,sdpa,ta_in,merged,0.40,6,79,14.70,771,729,-1,1,enc,74.8889
NVIDIA GeForce RTX 3080 Ti,1,2.6.0+cu124,5.5.3,sdpa,ta_in,merged,0.40,6,79,14.70,771,729,-1,2,enc,77.1307
NVIDIA GeForce RTX 3080 Ti,1,2.6.0+cu124,5.5.3,sdpa,ta_in,merged,0.40,6,79,14.70,771,729,-1,3,enc,78.2376
NVIDIA GeForce RTX 3080 Ti,1,2.6.0+cu124,5.5.3,sdpa,ta_in,merged,0.40,6,79,14.70,771,729,-1,4,enc,76.5757
NVIDIA GeForce RTX 3080 Ti,1,2.6.0+cu124,5.5.3,sdpa,ta_in,merged,0.40,6,79,14.70,771,729,-1,5,enc,75.5589
NVIDIA GeForce RTX 3080 Ti,1,2.6.0+cu124,5.5.3,sdpa,ta_in,merged,0.40,6,79,14.70,771,729,-1,6,enc,75.0090
NVIDIA GeForce RTX 3080 Ti,1,2.6.0+cu124,5.5.3,sdpa,ta_in,merged,0.40,6,79,14.70,771,729,-1,7,enc,74.7868
NVIDIA GeForce RTX 3080 Ti,1,2.6.0+cu124,5.5.3,sdpa,ta_in,merged,0.40,6,79,14.70,771,729,-1,8,enc,74.9322
NVIDIA GeForce RTX 3080 Ti,1,2.6.0+cu124,5.5.3,sdpa,ta_in,merged,0.40,6,79,14.70,771,729,-1,9,enc,74.9773
NVIDIA GeForce RTX 3080 Ti,1,2.6.0+cu124,5.5.3,sdpa,ta_in,baseline,0.00,7,79,8.82,1058,442,-1,0,enc,94.7272
NVIDIA GeForce RTX 3080 Ti,1,2.6.0+cu124,5.5.3,sdpa,ta_in,baseline,0.00,7,79,8.82,1058,442,-1,1,enc,97.2605
NVIDIA GeForce RTX 3080 Ti,1,2.6.0+cu124,5.5.3,sdpa,ta_in,baseline,0.00,7,79,8.82,1058,442,-1,2,enc,99.8523
NVIDIA GeForce RTX 3080 Ti,1,2.6.0+cu124,5.5.3,sdpa,ta_in,baseline,0.00,7,79,8.82,1058,442,-1,3,enc,97.0359
NVIDIA GeForce RTX 3080 Ti,1,2.6.0+cu124,5.5.3,sdpa,ta_in,baseline,0.00,7,79,8.82,1058,442,-1,4,enc,95.5894
NVIDIA GeForce RTX 3080 Ti,1,2.6.0+cu124,5.5.3,sdpa,ta_in,baseline,0.00,7,79,8.82,1058,442,-1,5,enc,94.6708
NVIDIA GeForce RTX 3080 Ti,1,2.6.0+cu124,5.5.3,sdpa,ta_in,baseline,0.00,7,79,8.82,1058,442,-1,6,enc,94.5316
NVIDIA GeForce RTX 3080 Ti,1,2.6.0+cu124,5.5.3,sdpa,ta_in,baseline,0.00,7,79,8.82,1058,442,-1,7,enc,94.7106
NVIDIA GeForce RTX 3080 Ti,1,2.6.0+cu124,5.5.3,sdpa,ta_in,baseline,0.00,7,79,8.82,1058,442,-1,8,enc,94.6872
NVIDIA GeForce RTX 3080 Ti,1,2.6.0+cu124,5.5.3,sdpa,ta_in,baseline,0.00,7,79,8.82,1058,442,-1,9,enc,94.6934
NVIDIA GeForce RTX 3080 Ti,1,2.6.0+cu124,5.5.3,sdpa,ta_in,merged,0.20,7,79,8.82,1058,442,-1,0,enc,86.5906
NVIDIA GeForce RTX 3080 Ti,1,2.6.0+cu124,5.5.3,sdpa,ta_in,merged,0.20,7,79,8.82,1058,442,-1,1,enc,86.2198
NVIDIA GeForce RTX 3080 Ti,1,2.6.0+cu124,5.5.3,sdpa,ta_in,merged,0.20,7,79,8.82,1058,442,-1,2,enc,86.2358
NVIDIA GeForce RTX 3080 Ti,1,2.6.0+cu124,5.5.3,sdpa,ta_in,merged,0.20,7,79,8.82,1058,442,-1,3,enc,85.7791
NVIDIA GeForce RTX 3080 Ti,1,2.6.0+cu124,5.5.3,sdpa,ta_in,merged,0.20,7,79,8.82,1058,442,-1,4,enc,86.0059
NVIDIA GeForce RTX 3080 Ti,1,2.6.0+cu124,5.5.3,sdpa,ta_in,merged,0.20,7,79,8.82,1058,442,-1,5,enc,85.7354
NVIDIA GeForce RTX 3080 Ti,1,2.6.0+cu124,5.5.3,sdpa,ta_in,merged,0.20,7,79,8.82,1058,442,-1,6,enc,86.0948
NVIDIA GeForce RTX 3080 Ti,1,2.6.0+cu124,5.5.3,sdpa,ta_in,merged,0.20,7,79,8.82,1058,442,-1,7,enc,86.7953
NVIDIA GeForce RTX 3080 Ti,1,2.6.0+cu124,5.5.3,sdpa,ta_in,merged,0.20,7,79,8.82,1058,442,-1,8,enc,87.6288
NVIDIA GeForce RTX 3080 Ti,1,2.6.0+cu124,5.5.3,sdpa,ta_in,merged,0.20,7,79,8.82,1058,442,-1,9,enc,87.9966
NVIDIA GeForce RTX 3080 Ti,1,2.6.0+cu124,5.5.3,sdpa,ta_in,merged,0.30,7,79,8.82,1058,442,-1,0,enc,79.9427
NVIDIA GeForce RTX 3080 Ti,1,2.6.0+cu124,5.5.3,sdpa,ta_in,merged,0.30,7,79,8.82,1058,442,-1,1,enc,79.8607
NVIDIA GeForce RTX 3080 Ti,1,2.6.0+cu124,5.5.3,sdpa,ta_in,merged,0.30,7,79,8.82,1058,442,-1,2,enc,80.2734
NVIDIA GeForce RTX 3080 Ti,1,2.6.0+cu124,5.5.3,sdpa,ta_in,merged,0.30,7,79,8.82,1058,442,-1,3,enc,80.3052
NVIDIA GeForce RTX 3080 Ti,1,2.6.0+cu124,5.5.3,sdpa,ta_in,merged,0.30,7,79,8.82,1058,442,-1,4,enc,80.8059
NVIDIA GeForce RTX 3080 Ti,1,2.6.0+cu124,5.5.3,sdpa,ta_in,merged,0.30,7,79,8.82,1058,442,-1,5,enc,81.1889
NVIDIA GeForce RTX 3080 Ti,1,2.6.0+cu124,5.5.3,sdpa,ta_in,merged,0.30,7,79,8.82,1058,442,-1,6,enc,82.0038
NVIDIA GeForce RTX 3080 Ti,1,2.6.0+cu124,5.5.3,sdpa,ta_in,merged,0.30,7,79,8.82,1058,442,-1,7,enc,80.9800
NVIDIA GeForce RTX 3080 Ti,1,2.6.0+cu124,5.5.3,sdpa,ta_in,merged,0.30,7,79,8.82,1058,442,-1,8,enc,81.3220
NVIDIA GeForce RTX 3080 Ti,1,2.6.0+cu124,5.5.3,sdpa,ta_in,merged,0.30,7,79,8.82,1058,442,-1,9,enc,80.9462
NVIDIA GeForce RTX 3080 Ti,1,2.6.0+cu124,5.5.3,sdpa,ta_in,merged,0.40,7,79,8.82,1058,442,-1,0,enc,74.5851
NVIDIA GeForce RTX 3080 Ti,1,2.6.0+cu124,5.5.3,sdpa,ta_in,merged,0.40,7,79,8.82,1058,442,-1,1,enc,74.4141
NVIDIA GeForce RTX 3080 Ti,1,2.6.0+cu124,5.5.3,sdpa,ta_in,merged,0.40,7,79,8.82,1058,442,-1,2,enc,74.6996
NVIDIA GeForce RTX 3080 Ti,1,2.6.0+cu124,5.5.3,sdpa,ta_in,merged,0.40,7,79,8.82,1058,442,-1,3,enc,74.4806
NVIDIA GeForce RTX 3080 Ti,1,2.6.0+cu124,5.5.3,sdpa,ta_in,merged,0.40,7,79,8.82,1058,442,-1,4,enc,74.6933
NVIDIA GeForce RTX 3080 Ti,1,2.6.0+cu124,5.5.3,sdpa,ta_in,merged,0.40,7,79,8.82,1058,442,-1,5,enc,74.7039
NVIDIA GeForce RTX 3080 Ti,1,2.6.0+cu124,5.5.3,sdpa,ta_in,merged,0.40,7,79,8.82,1058,442,-1,6,enc,86.4130
NVIDIA GeForce RTX 3080 Ti,1,2.6.0+cu124,5.5.3,sdpa,ta_in,merged,0.40,7,79,8.82,1058,442,-1,7,enc,78.0073
NVIDIA GeForce RTX 3080 Ti,1,2.6.0+cu124,5.5.3,sdpa,ta_in,merged,0.40,7,79,8.82,1058,442,-1,8,enc,74.9359
NVIDIA GeForce RTX 3080 Ti,1,2.6.0+cu124,5.5.3,sdpa,ta_in,merged,0.40,7,79,8.82,1058,442,-1,9,enc,75.0858
NVIDIA GeForce RTX 3080 Ti,1,2.6.0+cu124,5.5.3,sdpa,vi_vn,baseline,0.00,0,74,11.34,932,568,-1,0,enc,94.5704
NVIDIA GeForce RTX 3080 Ti,1,2.6.0+cu124,5.5.3,sdpa,vi_vn,baseline,0.00,0,74,11.34,932,568,-1,1,enc,94.5316
NVIDIA GeForce RTX 3080 Ti,1,2.6.0+cu124,5.5.3,sdpa,vi_vn,baseline,0.00,0,74,11.34,932,568,-1,2,enc,94.9421
NVIDIA GeForce RTX 3080 Ti,1,2.6.0+cu124,5.5.3,sdpa,vi_vn,baseline,0.00,0,74,11.34,932,568,-1,3,enc,95.4798
NVIDIA GeForce RTX 3080 Ti,1,2.6.0+cu124,5.5.3,sdpa,vi_vn,baseline,0.00,0,74,11.34,932,568,-1,4,enc,107.1964
NVIDIA GeForce RTX 3080 Ti,1,2.6.0+cu124,5.5.3,sdpa,vi_vn,baseline,0.00,0,74,11.34,932,568,-1,5,enc,95.9855
NVIDIA GeForce RTX 3080 Ti,1,2.6.0+cu124,5.5.3,sdpa,vi_vn,baseline,0.00,0,74,11.34,932,568,-1,6,enc,93.9469
NVIDIA GeForce RTX 3080 Ti,1,2.6.0+cu124,5.5.3,sdpa,vi_vn,baseline,0.00,0,74,11.34,932,568,-1,7,enc,94.1804
NVIDIA GeForce RTX 3080 Ti,1,2.6.0+cu124,5.5.3,sdpa,vi_vn,baseline,0.00,0,74,11.34,932,568,-1,8,enc,94.4711
NVIDIA GeForce RTX 3080 Ti,1,2.6.0+cu124,5.5.3,sdpa,vi_vn,baseline,0.00,0,74,11.34,932,568,-1,9,enc,94.0280
NVIDIA GeForce RTX 3080 Ti,1,2.6.0+cu124,5.5.3,sdpa,vi_vn,merged,0.20,0,74,11.34,932,568,-1,0,enc,88.6248
NVIDIA GeForce RTX 3080 Ti,1,2.6.0+cu124,5.5.3,sdpa,vi_vn,merged,0.20,0,74,11.34,932,568,-1,1,enc,87.3021
NVIDIA GeForce RTX 3080 Ti,1,2.6.0+cu124,5.5.3,sdpa,vi_vn,merged,0.20,0,74,11.34,932,568,-1,2,enc,86.0518
NVIDIA GeForce RTX 3080 Ti,1,2.6.0+cu124,5.5.3,sdpa,vi_vn,merged,0.20,0,74,11.34,932,568,-1,3,enc,85.8399
NVIDIA GeForce RTX 3080 Ti,1,2.6.0+cu124,5.5.3,sdpa,vi_vn,merged,0.20,0,74,11.34,932,568,-1,4,enc,85.8562
NVIDIA GeForce RTX 3080 Ti,1,2.6.0+cu124,5.5.3,sdpa,vi_vn,merged,0.20,0,74,11.34,932,568,-1,5,enc,85.3207
NVIDIA GeForce RTX 3080 Ti,1,2.6.0+cu124,5.5.3,sdpa,vi_vn,merged,0.20,0,74,11.34,932,568,-1,6,enc,86.4563
NVIDIA GeForce RTX 3080 Ti,1,2.6.0+cu124,5.5.3,sdpa,vi_vn,merged,0.20,0,74,11.34,932,568,-1,7,enc,85.9371
NVIDIA GeForce RTX 3080 Ti,1,2.6.0+cu124,5.5.3,sdpa,vi_vn,merged,0.20,0,74,11.34,932,568,-1,8,enc,85.6300
NVIDIA GeForce RTX 3080 Ti,1,2.6.0+cu124,5.5.3,sdpa,vi_vn,merged,0.20,0,74,11.34,932,568,-1,9,enc,86.8156
NVIDIA GeForce RTX 3080 Ti,1,2.6.0+cu124,5.5.3,sdpa,vi_vn,merged,0.30,0,74,11.34,932,568,-1,0,enc,79.8729
NVIDIA GeForce RTX 3080 Ti,1,2.6.0+cu124,5.5.3,sdpa,vi_vn,merged,0.30,0,74,11.34,932,568,-1,1,enc,80.0000
NVIDIA GeForce RTX 3080 Ti,1,2.6.0+cu124,5.5.3,sdpa,vi_vn,merged,0.30,0,74,11.34,932,568,-1,2,enc,79.5351
NVIDIA GeForce RTX 3080 Ti,1,2.6.0+cu124,5.5.3,sdpa,vi_vn,merged,0.30,0,74,11.34,932,568,-1,3,enc,79.8515
NVIDIA GeForce RTX 3080 Ti,1,2.6.0+cu124,5.5.3,sdpa,vi_vn,merged,0.30,0,74,11.34,932,568,-1,4,enc,79.8536
NVIDIA GeForce RTX 3080 Ti,1,2.6.0+cu124,5.5.3,sdpa,vi_vn,merged,0.30,0,74,11.34,932,568,-1,5,enc,79.9190
NVIDIA GeForce RTX 3080 Ti,1,2.6.0+cu124,5.5.3,sdpa,vi_vn,merged,0.30,0,74,11.34,932,568,-1,6,enc,80.9236
NVIDIA GeForce RTX 3080 Ti,1,2.6.0+cu124,5.5.3,sdpa,vi_vn,merged,0.30,0,74,11.34,932,568,-1,7,enc,80.8682
NVIDIA GeForce RTX 3080 Ti,1,2.6.0+cu124,5.5.3,sdpa,vi_vn,merged,0.30,0,74,11.34,932,568,-1,8,enc,81.5258
NVIDIA GeForce RTX 3080 Ti,1,2.6.0+cu124,5.5.3,sdpa,vi_vn,merged,0.30,0,74,11.34,932,568,-1,9,enc,81.5626
NVIDIA GeForce RTX 3080 Ti,1,2.6.0+cu124,5.5.3,sdpa,vi_vn,merged,0.40,0,74,11.34,932,568,-1,0,enc,74.4987
NVIDIA GeForce RTX 3080 Ti,1,2.6.0+cu124,5.5.3,sdpa,vi_vn,merged,0.40,0,74,11.34,932,568,-1,1,enc,74.8841
NVIDIA GeForce RTX 3080 Ti,1,2.6.0+cu124,5.5.3,sdpa,vi_vn,merged,0.40,0,74,11.34,932,568,-1,2,enc,74.5144
NVIDIA GeForce RTX 3080 Ti,1,2.6.0+cu124,5.5.3,sdpa,vi_vn,merged,0.40,0,74,11.34,932,568,-1,3,enc,74.6862
NVIDIA GeForce RTX 3080 Ti,1,2.6.0+cu124,5.5.3,sdpa,vi_vn,merged,0.40,0,74,11.34,932,568,-1,4,enc,75.6378
NVIDIA GeForce RTX 3080 Ti,1,2.6.0+cu124,5.5.3,sdpa,vi_vn,merged,0.40,0,74,11.34,932,568,-1,5,enc,75.4932
NVIDIA GeForce RTX 3080 Ti,1,2.6.0+cu124,5.5.3,sdpa,vi_vn,merged,0.40,0,74,11.34,932,568,-1,6,enc,75.5024
NVIDIA GeForce RTX 3080 Ti,1,2.6.0+cu124,5.5.3,sdpa,vi_vn,merged,0.40,0,74,11.34,932,568,-1,7,enc,75.6214
NVIDIA GeForce RTX 3080 Ti,1,2.6.0+cu124,5.5.3,sdpa,vi_vn,merged,0.40,0,74,11.34,932,568,-1,8,enc,75.6593
NVIDIA GeForce RTX 3080 Ti,1,2.6.0+cu124,5.5.3,sdpa,vi_vn,merged,0.40,0,74,11.34,932,568,-1,9,enc,74.9734
NVIDIA GeForce RTX 3080 Ti,1,2.6.0+cu124,5.5.3,sdpa,vi_vn,baseline,0.00,1,78,7.26,1136,364,-1,0,enc,94.8531
NVIDIA GeForce RTX 3080 Ti,1,2.6.0+cu124,5.5.3,sdpa,vi_vn,baseline,0.00,1,78,7.26,1136,364,-1,1,enc,95.1612
NVIDIA GeForce RTX 3080 Ti,1,2.6.0+cu124,5.5.3,sdpa,vi_vn,baseline,0.00,1,78,7.26,1136,364,-1,2,enc,95.1296
NVIDIA GeForce RTX 3080 Ti,1,2.6.0+cu124,5.5.3,sdpa,vi_vn,baseline,0.00,1,78,7.26,1136,364,-1,3,enc,94.7948
NVIDIA GeForce RTX 3080 Ti,1,2.6.0+cu124,5.5.3,sdpa,vi_vn,baseline,0.00,1,78,7.26,1136,364,-1,4,enc,94.6719
NVIDIA GeForce RTX 3080 Ti,1,2.6.0+cu124,5.5.3,sdpa,vi_vn,baseline,0.00,1,78,7.26,1136,364,-1,5,enc,95.0455
NVIDIA GeForce RTX 3080 Ti,1,2.6.0+cu124,5.5.3,sdpa,vi_vn,baseline,0.00,1,78,7.26,1136,364,-1,6,enc,95.6611
NVIDIA GeForce RTX 3080 Ti,1,2.6.0+cu124,5.5.3,sdpa,vi_vn,baseline,0.00,1,78,7.26,1136,364,-1,7,enc,96.0020
NVIDIA GeForce RTX 3080 Ti,1,2.6.0+cu124,5.5.3,sdpa,vi_vn,baseline,0.00,1,78,7.26,1136,364,-1,8,enc,96.0514
NVIDIA GeForce RTX 3080 Ti,1,2.6.0+cu124,5.5.3,sdpa,vi_vn,baseline,0.00,1,78,7.26,1136,364,-1,9,enc,95.9863
NVIDIA GeForce RTX 3080 Ti,1,2.6.0+cu124,5.5.3,sdpa,vi_vn,merged,0.20,1,78,7.26,1136,364,-1,0,enc,85.9730
NVIDIA GeForce RTX 3080 Ti,1,2.6.0+cu124,5.5.3,sdpa,vi_vn,merged,0.20,1,78,7.26,1136,364,-1,1,enc,85.8952
NVIDIA GeForce RTX 3080 Ti,1,2.6.0+cu124,5.5.3,sdpa,vi_vn,merged,0.20,1,78,7.26,1136,364,-1,2,enc,85.4753
NVIDIA GeForce RTX 3080 Ti,1,2.6.0+cu124,5.5.3,sdpa,vi_vn,merged,0.20,1,78,7.26,1136,364,-1,3,enc,85.9153
NVIDIA GeForce RTX 3080 Ti,1,2.6.0+cu124,5.5.3,sdpa,vi_vn,merged,0.20,1,78,7.26,1136,364,-1,4,enc,87.6359
NVIDIA GeForce RTX 3080 Ti,1,2.6.0+cu124,5.5.3,sdpa,vi_vn,merged,0.20,1,78,7.26,1136,364,-1,5,enc,96.8049
NVIDIA GeForce RTX 3080 Ti,1,2.6.0+cu124,5.5.3,sdpa,vi_vn,merged,0.20,1,78,7.26,1136,364,-1,6,enc,86.5526
NVIDIA GeForce RTX 3080 Ti,1,2.6.0+cu124,5.5.3,sdpa,vi_vn,merged,0.20,1,78,7.26,1136,364,-1,7,enc,85.3060
NVIDIA GeForce RTX 3080 Ti,1,2.6.0+cu124,5.5.3,sdpa,vi_vn,merged,0.20,1,78,7.26,1136,364,-1,8,enc,86.5065
NVIDIA GeForce RTX 3080 Ti,1,2.6.0+cu124,5.5.3,sdpa,vi_vn,merged,0.20,1,78,7.26,1136,364,-1,9,enc,86.2331
NVIDIA GeForce RTX 3080 Ti,1,2.6.0+cu124,5.5.3,sdpa,vi_vn,merged,0.30,1,78,7.26,1136,364,-1,0,enc,80.7215
NVIDIA GeForce RTX 3080 Ti,1,2.6.0+cu124,5.5.3,sdpa,vi_vn,merged,0.30,1,78,7.26,1136,364,-1,1,enc,82.7631
NVIDIA GeForce RTX 3080 Ti,1,2.6.0+cu124,5.5.3,sdpa,vi_vn,merged,0.30,1,78,7.26,1136,364,-1,2,enc,82.1503
NVIDIA GeForce RTX 3080 Ti,1,2.6.0+cu124,5.5.3,sdpa,vi_vn,merged,0.30,1,78,7.26,1136,364,-1,3,enc,80.7915
NVIDIA GeForce RTX 3080 Ti,1,2.6.0+cu124,5.5.3,sdpa,vi_vn,merged,0.30,1,78,7.26,1136,364,-1,4,enc,80.3019
NVIDIA GeForce RTX 3080 Ti,1,2.6.0+cu124,5.5.3,sdpa,vi_vn,merged,0.30,1,78,7.26,1136,364,-1,5,enc,80.4043
NVIDIA GeForce RTX 3080 Ti,1,2.6.0+cu124,5.5.3,sdpa,vi_vn,merged,0.30,1,78,7.26,1136,364,-1,6,enc,80.4792
NVIDIA GeForce RTX 3080 Ti,1,2.6.0+cu124,5.5.3,sdpa,vi_vn,merged,0.30,1,78,7.26,1136,364,-1,7,enc,79.9222
NVIDIA GeForce RTX 3080 Ti,1,2.6.0+cu124,5.5.3,sdpa,vi_vn,merged,0.30,1,78,7.26,1136,364,-1,8,enc,79.8812
NVIDIA GeForce RTX 3080 Ti,1,2.6.0+cu124,5.5.3,sdpa,vi_vn,merged,0.30,1,78,7.26,1136,364,-1,9,enc,79.7747
NVIDIA GeForce RTX 3080 Ti,1,2.6.0+cu124,5.5.3,sdpa,vi_vn,merged,0.40,1,78,7.26,1136,364,-1,0,enc,75.8128
NVIDIA GeForce RTX 3080 Ti,1,2.6.0+cu124,5.5.3,sdpa,vi_vn,merged,0.40,1,78,7.26,1136,364,-1,1,enc,75.6324
NVIDIA GeForce RTX 3080 Ti,1,2.6.0+cu124,5.5.3,sdpa,vi_vn,merged,0.40,1,78,7.26,1136,364,-1,2,enc,75.4042
NVIDIA GeForce RTX 3080 Ti,1,2.6.0+cu124,5.5.3,sdpa,vi_vn,merged,0.40,1,78,7.26,1136,364,-1,3,enc,75.1848
NVIDIA GeForce RTX 3080 Ti,1,2.6.0+cu124,5.5.3,sdpa,vi_vn,merged,0.40,1,78,7.26,1136,364,-1,4,enc,74.6404
NVIDIA GeForce RTX 3080 Ti,1,2.6.0+cu124,5.5.3,sdpa,vi_vn,merged,0.40,1,78,7.26,1136,364,-1,5,enc,74.8687
NVIDIA GeForce RTX 3080 Ti,1,2.6.0+cu124,5.5.3,sdpa,vi_vn,merged,0.40,1,78,7.26,1136,364,-1,6,enc,74.8881
NVIDIA GeForce RTX 3080 Ti,1,2.6.0+cu124,5.5.3,sdpa,vi_vn,merged,0.40,1,78,7.26,1136,364,-1,7,enc,74.8370
NVIDIA GeForce RTX 3080 Ti,1,2.6.0+cu124,5.5.3,sdpa,vi_vn,merged,0.40,1,78,7.26,1136,364,-1,8,enc,74.5216
NVIDIA GeForce RTX 3080 Ti,1,2.6.0+cu124,5.5.3,sdpa,vi_vn,merged,0.40,1,78,7.26,1136,364,-1,9,enc,74.7909
NVIDIA GeForce RTX 3080 Ti,1,2.6.0+cu124,5.5.3,sdpa,vi_vn,baseline,0.00,2,79,10.02,998,502,-1,0,enc,97.2952
NVIDIA GeForce RTX 3080 Ti,1,2.6.0+cu124,5.5.3,sdpa,vi_vn,baseline,0.00,2,79,10.02,998,502,-1,1,enc,96.4997
NVIDIA GeForce RTX 3080 Ti,1,2.6.0+cu124,5.5.3,sdpa,vi_vn,baseline,0.00,2,79,10.02,998,502,-1,2,enc,95.6754
NVIDIA GeForce RTX 3080 Ti,1,2.6.0+cu124,5.5.3,sdpa,vi_vn,baseline,0.00,2,79,10.02,998,502,-1,3,enc,94.9248
NVIDIA GeForce RTX 3080 Ti,1,2.6.0+cu124,5.5.3,sdpa,vi_vn,baseline,0.00,2,79,10.02,998,502,-1,4,enc,94.6800
NVIDIA GeForce RTX 3080 Ti,1,2.6.0+cu124,5.5.3,sdpa,vi_vn,baseline,0.00,2,79,10.02,998,502,-1,5,enc,94.2859
NVIDIA GeForce RTX 3080 Ti,1,2.6.0+cu124,5.5.3,sdpa,vi_vn,baseline,0.00,2,79,10.02,998,502,-1,6,enc,94.9207
NVIDIA GeForce RTX 3080 Ti,1,2.6.0+cu124,5.5.3,sdpa,vi_vn,baseline,0.00,2,79,10.02,998,502,-1,7,enc,95.1346
NVIDIA GeForce RTX 3080 Ti,1,2.6.0+cu124,5.5.3,sdpa,vi_vn,baseline,0.00,2,79,10.02,998,502,-1,8,enc,95.7010
NVIDIA GeForce RTX 3080 Ti,1,2.6.0+cu124,5.5.3,sdpa,vi_vn,baseline,0.00,2,79,10.02,998,502,-1,9,enc,95.9058
NVIDIA GeForce RTX 3080 Ti,1,2.6.0+cu124,5.5.3,sdpa,vi_vn,merged,0.20,2,79,10.02,998,502,-1,0,enc,85.8744
NVIDIA GeForce RTX 3080 Ti,1,2.6.0+cu124,5.5.3,sdpa,vi_vn,merged,0.20,2,79,10.02,998,502,-1,1,enc,86.0353
NVIDIA GeForce RTX 3080 Ti,1,2.6.0+cu124,5.5.3,sdpa,vi_vn,merged,0.20,2,79,10.02,998,502,-1,2,enc,85.6576
NVIDIA GeForce RTX 3080 Ti,1,2.6.0+cu124,5.5.3,sdpa,vi_vn,merged,0.20,2,79,10.02,998,502,-1,3,enc,86.2218
NVIDIA GeForce RTX 3080 Ti,1,2.6.0+cu124,5.5.3,sdpa,vi_vn,merged,0.20,2,79,10.02,998,502,-1,4,enc,86.5884
NVIDIA GeForce RTX 3080 Ti,1,2.6.0+cu124,5.5.3,sdpa,vi_vn,merged,0.20,2,79,10.02,998,502,-1,5,enc,86.5556
NVIDIA GeForce RTX 3080 Ti,1,2.6.0+cu124,5.5.3,sdpa,vi_vn,merged,0.20,2,79,10.02,998,502,-1,6,enc,87.4148
NVIDIA GeForce RTX 3080 Ti,1,2.6.0+cu124,5.5.3,sdpa,vi_vn,merged,0.20,2,79,10.02,998,502,-1,7,enc,87.1519
NVIDIA GeForce RTX 3080 Ti,1,2.6.0+cu124,5.5.3,sdpa,vi_vn,merged,0.20,2,79,10.02,998,502,-1,8,enc,86.9407
NVIDIA GeForce RTX 3080 Ti,1,2.6.0+cu124,5.5.3,sdpa,vi_vn,merged,0.20,2,79,10.02,998,502,-1,9,enc,86.6816
NVIDIA GeForce RTX 3080 Ti,1,2.6.0+cu124,5.5.3,sdpa,vi_vn,merged,0.30,2,79,10.02,998,502,-1,0,enc,80.0399
NVIDIA GeForce RTX 3080 Ti,1,2.6.0+cu124,5.5.3,sdpa,vi_vn,merged,0.30,2,79,10.02,998,502,-1,1,enc,79.7839
NVIDIA GeForce RTX 3080 Ti,1,2.6.0+cu124,5.5.3,sdpa,vi_vn,merged,0.30,2,79,10.02,998,502,-1,2,enc,79.8474
NVIDIA GeForce RTX 3080 Ti,1,2.6.0+cu124,5.5.3,sdpa,vi_vn,merged,0.30,2,79,10.02,998,502,-1,3,enc,80.1180
NVIDIA GeForce RTX 3080 Ti,1,2.6.0+cu124,5.5.3,sdpa,vi_vn,merged,0.30,2,79,10.02,998,502,-1,4,enc,80.0717
NVIDIA GeForce RTX 3080 Ti,1,2.6.0+cu124,5.5.3,sdpa,vi_vn,merged,0.30,2,79,10.02,998,502,-1,5,enc,87.8162
NVIDIA GeForce RTX 3080 Ti,1,2.6.0+cu124,5.5.3,sdpa,vi_vn,merged,0.30,2,79,10.02,998,502,-1,6,enc,86.6567
NVIDIA GeForce RTX 3080 Ti,1,2.6.0+cu124,5.5.3,sdpa,vi_vn,merged,0.30,2,79,10.02,998,502,-1,7,enc,80.2610
NVIDIA GeForce RTX 3080 Ti,1,2.6.0+cu124,5.5.3,sdpa,vi_vn,merged,0.30,2,79,10.02,998,502,-1,8,enc,79.9160
NVIDIA GeForce RTX 3080 Ti,1,2.6.0+cu124,5.5.3,sdpa,vi_vn,merged,0.30,2,79,10.02,998,502,-1,9,enc,79.9384
NVIDIA GeForce RTX 3080 Ti,1,2.6.0+cu124,5.5.3,sdpa,vi_vn,merged,0.40,2,79,10.02,998,502,-1,0,enc,74.6964
NVIDIA GeForce RTX 3080 Ti,1,2.6.0+cu124,5.5.3,sdpa,vi_vn,merged,0.40,2,79,10.02,998,502,-1,1,enc,74.7766
NVIDIA GeForce RTX 3080 Ti,1,2.6.0+cu124,5.5.3,sdpa,vi_vn,merged,0.40,2,79,10.02,998,502,-1,2,enc,76.9402
NVIDIA GeForce RTX 3080 Ti,1,2.6.0+cu124,5.5.3,sdpa,vi_vn,merged,0.40,2,79,10.02,998,502,-1,3,enc,77.6049
NVIDIA GeForce RTX 3080 Ti,1,2.6.0+cu124,5.5.3,sdpa,vi_vn,merged,0.40,2,79,10.02,998,502,-1,4,enc,76.1784
NVIDIA GeForce RTX 3080 Ti,1,2.6.0+cu124,5.5.3,sdpa,vi_vn,merged,0.40,2,79,10.02,998,502,-1,5,enc,75.7176
NVIDIA GeForce RTX 3080 Ti,1,2.6.0+cu124,5.5.3,sdpa,vi_vn,merged,0.40,2,79,10.02,998,502,-1,6,enc,75.0714
NVIDIA GeForce RTX 3080 Ti,1,2.6.0+cu124,5.5.3,sdpa,vi_vn,merged,0.40,2,79,10.02,998,502,-1,7,enc,75.1226
NVIDIA GeForce RTX 3080 Ti,1,2.6.0+cu124,5.5.3,sdpa,vi_vn,merged,0.40,2,79,10.02,998,502,-1,8,enc,74.2769
NVIDIA GeForce RTX 3080 Ti,1,2.6.0+cu124,5.5.3,sdpa,vi_vn,merged,0.40,2,79,10.02,998,502,-1,9,enc,74.7500
NVIDIA GeForce RTX 3080 Ti,1,2.6.0+cu124,5.5.3,sdpa,vi_vn,baseline,0.00,3,79,11.16,941,559,-1,0,enc,94.5654
NVIDIA GeForce RTX 3080 Ti,1,2.6.0+cu124,5.5.3,sdpa,vi_vn,baseline,0.00,3,79,11.16,941,559,-1,1,enc,96.3922
NVIDIA GeForce RTX 3080 Ti,1,2.6.0+cu124,5.5.3,sdpa,vi_vn,baseline,0.00,3,79,11.16,941,559,-1,2,enc,99.5072
NVIDIA GeForce RTX 3080 Ti,1,2.6.0+cu124,5.5.3,sdpa,vi_vn,baseline,0.00,3,79,11.16,941,559,-1,3,enc,97.3496
NVIDIA GeForce RTX 3080 Ti,1,2.6.0+cu124,5.5.3,sdpa,vi_vn,baseline,0.00,3,79,11.16,941,559,-1,4,enc,95.5105
NVIDIA GeForce RTX 3080 Ti,1,2.6.0+cu124,5.5.3,sdpa,vi_vn,baseline,0.00,3,79,11.16,941,559,-1,5,enc,95.2812
NVIDIA GeForce RTX 3080 Ti,1,2.6.0+cu124,5.5.3,sdpa,vi_vn,baseline,0.00,3,79,11.16,941,559,-1,6,enc,94.9531
NVIDIA GeForce RTX 3080 Ti,1,2.6.0+cu124,5.5.3,sdpa,vi_vn,baseline,0.00,3,79,11.16,941,559,-1,7,enc,94.7425
NVIDIA GeForce RTX 3080 Ti,1,2.6.0+cu124,5.5.3,sdpa,vi_vn,baseline,0.00,3,79,11.16,941,559,-1,8,enc,94.8736
NVIDIA GeForce RTX 3080 Ti,1,2.6.0+cu124,5.5.3,sdpa,vi_vn,baseline,0.00,3,79,11.16,941,559,-1,9,enc,94.9430
NVIDIA GeForce RTX 3080 Ti,1,2.6.0+cu124,5.5.3,sdpa,vi_vn,merged,0.20,3,79,11.16,941,559,-1,0,enc,86.7594
NVIDIA GeForce RTX 3080 Ti,1,2.6.0+cu124,5.5.3,sdpa,vi_vn,merged,0.20,3,79,11.16,941,559,-1,1,enc,86.4918
NVIDIA GeForce RTX 3080 Ti,1,2.6.0+cu124,5.5.3,sdpa,vi_vn,merged,0.20,3,79,11.16,941,559,-1,2,enc,85.4620
NVIDIA GeForce RTX 3080 Ti,1,2.6.0+cu124,5.5.3,sdpa,vi_vn,merged,0.20,3,79,11.16,941,559,-1,3,enc,86.0887
NVIDIA GeForce RTX 3080 Ti,1,2.6.0+cu124,5.5.3,sdpa,vi_vn,merged,0.20,3,79,11.16,941,559,-1,4,enc,85.9709
NVIDIA GeForce RTX 3080 Ti,1,2.6.0+cu124,5.5.3,sdpa,vi_vn,merged,0.20,3,79,11.16,941,559,-1,5,enc,85.9443
NVIDIA GeForce RTX 3080 Ti,1,2.6.0+cu124,5.5.3,sdpa,vi_vn,merged,0.20,3,79,11.16,941,559,-1,6,enc,86.0260
NVIDIA GeForce RTX 3080 Ti,1,2.6.0+cu124,5.5.3,sdpa,vi_vn,merged,0.20,3,79,11.16,941,559,-1,7,enc,86.4594
NVIDIA GeForce RTX 3080 Ti,1,2.6.0+cu124,5.5.3,sdpa,vi_vn,merged,0.20,3,79,11.16,941,559,-1,8,enc,87.0902
NVIDIA GeForce RTX 3080 Ti,1,2.6.0+cu124,5.5.3,sdpa,vi_vn,merged,0.20,3,79,11.16,941,559,-1,9,enc,87.5295
NVIDIA GeForce RTX 3080 Ti,1,2.6.0+cu124,5.5.3,sdpa,vi_vn,merged,0.30,3,79,11.16,941,559,-1,0,enc,80.3205
NVIDIA GeForce RTX 3080 Ti,1,2.6.0+cu124,5.5.3,sdpa,vi_vn,merged,0.30,3,79,11.16,941,559,-1,1,enc,80.7150
NVIDIA GeForce RTX 3080 Ti,1,2.6.0+cu124,5.5.3,sdpa,vi_vn,merged,0.30,3,79,11.16,941,559,-1,2,enc,79.9720
NVIDIA GeForce RTX 3080 Ti,1,2.6.0+cu124,5.5.3,sdpa,vi_vn,merged,0.30,3,79,11.16,941,559,-1,3,enc,80.2294
NVIDIA GeForce RTX 3080 Ti,1,2.6.0+cu124,5.5.3,sdpa,vi_vn,merged,0.30,3,79,11.16,941,559,-1,4,enc,80.4690
NVIDIA GeForce RTX 3080 Ti,1,2.6.0+cu124,5.5.3,sdpa,vi_vn,merged,0.30,3,79,11.16,941,559,-1,5,enc,81.0752
NVIDIA GeForce RTX 3080 Ti,1,2.6.0+cu124,5.5.3,sdpa,vi_vn,merged,0.30,3,79,11.16,941,559,-1,6,enc,81.1756
NVIDIA GeForce RTX 3080 Ti,1,2.6.0+cu124,5.5.3,sdpa,vi_vn,merged,0.30,3,79,11.16,941,559,-1,7,enc,81.2134
NVIDIA GeForce RTX 3080 Ti,1,2.6.0+cu124,5.5.3,sdpa,vi_vn,merged,0.30,3,79,11.16,941,559,-1,8,enc,81.4807
NVIDIA GeForce RTX 3080 Ti,1,2.6.0+cu124,5.5.3,sdpa,vi_vn,merged,0.30,3,79,11.16,941,559,-1,9,enc,81.1438
NVIDIA GeForce RTX 3080 Ti,1,2.6.0+cu124,5.5.3,sdpa,vi_vn,merged,0.40,3,79,11.16,941,559,-1,0,enc,74.5431
NVIDIA GeForce RTX 3080 Ti,1,2.6.0+cu124,5.5.3,sdpa,vi_vn,merged,0.40,3,79,11.16,941,559,-1,1,enc,74.4066
NVIDIA GeForce RTX 3080 Ti,1,2.6.0+cu124,5.5.3,sdpa,vi_vn,merged,0.40,3,79,11.16,941,559,-1,2,enc,74.4231
NVIDIA GeForce RTX 3080 Ti,1,2.6.0+cu124,5.5.3,sdpa,vi_vn,merged,0.40,3,79,11.16,941,559,-1,3,enc,74.5196
NVIDIA GeForce RTX 3080 Ti,1,2.6.0+cu124,5.5.3,sdpa,vi_vn,merged,0.40,3,79,11.16,941,559,-1,4,enc,74.5674
NVIDIA GeForce RTX 3080 Ti,1,2.6.0+cu124,5.5.3,sdpa,vi_vn,merged,0.40,3,79,11.16,941,559,-1,5,enc,74.7981
NVIDIA GeForce RTX 3080 Ti,1,2.6.0+cu124,5.5.3,sdpa,vi_vn,merged,0.40,3,79,11.16,941,559,-1,6,enc,85.0985
NVIDIA GeForce RTX 3080 Ti,1,2.6.0+cu124,5.5.3,sdpa,vi_vn,merged,0.40,3,79,11.16,941,559,-1,7,enc,78.2111
NVIDIA GeForce RTX 3080 Ti,1,2.6.0+cu124,5.5.3,sdpa,vi_vn,merged,0.40,3,79,11.16,941,559,-1,8,enc,75.6309
NVIDIA GeForce RTX 3080 Ti,1,2.6.0+cu124,5.5.3,sdpa,vi_vn,merged,0.40,3,79,11.16,941,559,-1,9,enc,74.4609
NVIDIA GeForce RTX 3080 Ti,1,2.6.0+cu124,5.5.3,sdpa,vi_vn,baseline,0.00,4,79,14.88,755,745,-1,0,enc,94.5633
NVIDIA GeForce RTX 3080 Ti,1,2.6.0+cu124,5.5.3,sdpa,vi_vn,baseline,0.00,4,79,14.88,755,745,-1,1,enc,94.7159
NVIDIA GeForce RTX 3080 Ti,1,2.6.0+cu124,5.5.3,sdpa,vi_vn,baseline,0.00,4,79,14.88,755,745,-1,2,enc,95.4839
NVIDIA GeForce RTX 3080 Ti,1,2.6.0+cu124,5.5.3,sdpa,vi_vn,baseline,0.00,4,79,14.88,755,745,-1,3,enc,97.1551
NVIDIA GeForce RTX 3080 Ti,1,2.6.0+cu124,5.5.3,sdpa,vi_vn,baseline,0.00,4,79,14.88,755,745,-1,4,enc,107.3364
NVIDIA GeForce RTX 3080 Ti,1,2.6.0+cu124,5.5.3,sdpa,vi_vn,baseline,0.00,4,79,14.88,755,745,-1,5,enc,94.9781
NVIDIA GeForce RTX 3080 Ti,1,2.6.0+cu124,5.5.3,sdpa,vi_vn,baseline,0.00,4,79,14.88,755,745,-1,6,enc,94.7152
NVIDIA GeForce RTX 3080 Ti,1,2.6.0+cu124,5.5.3,sdpa,vi_vn,baseline,0.00,4,79,14.88,755,745,-1,7,enc,94.4782
NVIDIA GeForce RTX 3080 Ti,1,2.6.0+cu124,5.5.3,sdpa,vi_vn,baseline,0.00,4,79,14.88,755,745,-1,8,enc,94.7231
NVIDIA GeForce RTX 3080 Ti,1,2.6.0+cu124,5.5.3,sdpa,vi_vn,baseline,0.00,4,79,14.88,755,745,-1,9,enc,94.6892
NVIDIA GeForce RTX 3080 Ti,1,2.6.0+cu124,5.5.3,sdpa,vi_vn,merged,0.20,4,79,14.88,755,745,-1,0,enc,88.1818
NVIDIA GeForce RTX 3080 Ti,1,2.6.0+cu124,5.5.3,sdpa,vi_vn,merged,0.20,4,79,14.88,755,745,-1,1,enc,86.9673
NVIDIA GeForce RTX 3080 Ti,1,2.6.0+cu124,5.5.3,sdpa,vi_vn,merged,0.20,4,79,14.88,755,745,-1,2,enc,86.0476
NVIDIA GeForce RTX 3080 Ti,1,2.6.0+cu124,5.5.3,sdpa,vi_vn,merged,0.20,4,79,14.88,755,745,-1,3,enc,86.1061
NVIDIA GeForce RTX 3080 Ti,1,2.6.0+cu124,5.5.3,sdpa,vi_vn,merged,0.20,4,79,14.88,755,745,-1,4,enc,86.5075
NVIDIA GeForce RTX 3080 Ti,1,2.6.0+cu124,5.5.3,sdpa,vi_vn,merged,0.20,4,79,14.88,755,745,-1,5,enc,86.2863
NVIDIA GeForce RTX 3080 Ti,1,2.6.0+cu124,5.5.3,sdpa,vi_vn,merged,0.20,4,79,14.88,755,745,-1,6,enc,85.9095
NVIDIA GeForce RTX 3080 Ti,1,2.6.0+cu124,5.5.3,sdpa,vi_vn,merged,0.20,4,79,14.88,755,745,-1,7,enc,86.0201
NVIDIA GeForce RTX 3080 Ti,1,2.6.0+cu124,5.5.3,sdpa,vi_vn,merged,0.20,4,79,14.88,755,745,-1,8,enc,85.7989
NVIDIA GeForce RTX 3080 Ti,1,2.6.0+cu124,5.5.3,sdpa,vi_vn,merged,0.20,4,79,14.88,755,745,-1,9,enc,87.4199
NVIDIA GeForce RTX 3080 Ti,1,2.6.0+cu124,5.5.3,sdpa,vi_vn,merged,0.30,4,79,14.88,755,745,-1,0,enc,80.2847
NVIDIA GeForce RTX 3080 Ti,1,2.6.0+cu124,5.5.3,sdpa,vi_vn,merged,0.30,4,79,14.88,755,745,-1,1,enc,80.6380
NVIDIA GeForce RTX 3080 Ti,1,2.6.0+cu124,5.5.3,sdpa,vi_vn,merged,0.30,4,79,14.88,755,745,-1,2,enc,80.6257
NVIDIA GeForce RTX 3080 Ti,1,2.6.0+cu124,5.5.3,sdpa,vi_vn,merged,0.30,4,79,14.88,755,745,-1,3,enc,79.8730
NVIDIA GeForce RTX 3080 Ti,1,2.6.0+cu124,5.5.3,sdpa,vi_vn,merged,0.30,4,79,14.88,755,745,-1,4,enc,79.8648
NVIDIA GeForce RTX 3080 Ti,1,2.6.0+cu124,5.5.3,sdpa,vi_vn,merged,0.30,4,79,14.88,755,745,-1,5,enc,80.1328
NVIDIA GeForce RTX 3080 Ti,1,2.6.0+cu124,5.5.3,sdpa,vi_vn,merged,0.30,4,79,14.88,755,745,-1,6,enc,80.8486
NVIDIA GeForce RTX 3080 Ti,1,2.6.0+cu124,5.5.3,sdpa,vi_vn,merged,0.30,4,79,14.88,755,745,-1,7,enc,81.6096
NVIDIA GeForce RTX 3080 Ti,1,2.6.0+cu124,5.5.3,sdpa,vi_vn,merged,0.30,4,79,14.88,755,745,-1,8,enc,81.7233
NVIDIA GeForce RTX 3080 Ti,1,2.6.0+cu124,5.5.3,sdpa,vi_vn,merged,0.30,4,79,14.88,755,745,-1,9,enc,81.3974
NVIDIA GeForce RTX 3080 Ti,1,2.6.0+cu124,5.5.3,sdpa,vi_vn,merged,0.40,4,79,14.88,755,745,-1,0,enc,74.8306
NVIDIA GeForce RTX 3080 Ti,1,2.6.0+cu124,5.5.3,sdpa,vi_vn,merged,0.40,4,79,14.88,755,745,-1,1,enc,74.8739
NVIDIA GeForce RTX 3080 Ti,1,2.6.0+cu124,5.5.3,sdpa,vi_vn,merged,0.40,4,79,14.88,755,745,-1,2,enc,74.7660
NVIDIA GeForce RTX 3080 Ti,1,2.6.0+cu124,5.5.3,sdpa,vi_vn,merged,0.40,4,79,14.88,755,745,-1,3,enc,75.2896
NVIDIA GeForce RTX 3080 Ti,1,2.6.0+cu124,5.5.3,sdpa,vi_vn,merged,0.40,4,79,14.88,755,745,-1,4,enc,75.5691
NVIDIA GeForce RTX 3080 Ti,1,2.6.0+cu124,5.5.3,sdpa,vi_vn,merged,0.40,4,79,14.88,755,745,-1,5,enc,75.5586
NVIDIA GeForce RTX 3080 Ti,1,2.6.0+cu124,5.5.3,sdpa,vi_vn,merged,0.40,4,79,14.88,755,745,-1,6,enc,76.6249
NVIDIA GeForce RTX 3080 Ti,1,2.6.0+cu124,5.5.3,sdpa,vi_vn,merged,0.40,4,79,14.88,755,745,-1,7,enc,75.7205
NVIDIA GeForce RTX 3080 Ti,1,2.6.0+cu124,5.5.3,sdpa,vi_vn,merged,0.40,4,79,14.88,755,745,-1,8,enc,75.3275
NVIDIA GeForce RTX 3080 Ti,1,2.6.0+cu124,5.5.3,sdpa,vi_vn,merged,0.40,4,79,14.88,755,745,-1,9,enc,74.8288
NVIDIA GeForce RTX 3080 Ti,1,2.6.0+cu124,5.5.3,sdpa,vi_vn,baseline,0.00,5,79,10.02,998,502,-1,0,enc,95.3528
NVIDIA GeForce RTX 3080 Ti,1,2.6.0+cu124,5.5.3,sdpa,vi_vn,baseline,0.00,5,79,10.02,998,502,-1,1,enc,95.1081
NVIDIA GeForce RTX 3080 Ti,1,2.6.0+cu124,5.5.3,sdpa,vi_vn,baseline,0.00,5,79,10.02,998,502,-1,2,enc,95.5034
NVIDIA GeForce RTX 3080 Ti,1,2.6.0+cu124,5.5.3,sdpa,vi_vn,baseline,0.00,5,79,10.02,998,502,-1,3,enc,94.7958
NVIDIA GeForce RTX 3080 Ti,1,2.6.0+cu124,5.5.3,sdpa,vi_vn,baseline,0.00,5,79,10.02,998,502,-1,4,enc,94.9791
NVIDIA GeForce RTX 3080 Ti,1,2.6.0+cu124,5.5.3,sdpa,vi_vn,baseline,0.00,5,79,10.02,998,502,-1,5,enc,95.8187
NVIDIA GeForce RTX 3080 Ti,1,2.6.0+cu124,5.5.3,sdpa,vi_vn,baseline,0.00,5,79,10.02,998,502,-1,6,enc,96.4547
NVIDIA GeForce RTX 3080 Ti,1,2.6.0+cu124,5.5.3,sdpa,vi_vn,baseline,0.00,5,79,10.02,998,502,-1,7,enc,96.4822
NVIDIA GeForce RTX 3080 Ti,1,2.6.0+cu124,5.5.3,sdpa,vi_vn,baseline,0.00,5,79,10.02,998,502,-1,8,enc,95.9948
NVIDIA GeForce RTX 3080 Ti,1,2.6.0+cu124,5.5.3,sdpa,vi_vn,baseline,0.00,5,79,10.02,998,502,-1,9,enc,95.6528
NVIDIA GeForce RTX 3080 Ti,1,2.6.0+cu124,5.5.3,sdpa,vi_vn,merged,0.20,5,79,10.02,998,502,-1,0,enc,86.0336
NVIDIA GeForce RTX 3080 Ti,1,2.6.0+cu124,5.5.3,sdpa,vi_vn,merged,0.20,5,79,10.02,998,502,-1,1,enc,86.1264
NVIDIA GeForce RTX 3080 Ti,1,2.6.0+cu124,5.5.3,sdpa,vi_vn,merged,0.20,5,79,10.02,998,502,-1,2,enc,85.8879
NVIDIA GeForce RTX 3080 Ti,1,2.6.0+cu124,5.5.3,sdpa,vi_vn,merged,0.20,5,79,10.02,998,502,-1,3,enc,86.3396
NVIDIA GeForce RTX 3080 Ti,1,2.6.0+cu124,5.5.3,sdpa,vi_vn,merged,0.20,5,79,10.02,998,502,-1,4,enc,87.3151
NVIDIA GeForce RTX 3080 Ti,1,2.6.0+cu124,5.5.3,sdpa,vi_vn,merged,0.20,5,79,10.02,998,502,-1,5,enc,96.2836
NVIDIA GeForce RTX 3080 Ti,1,2.6.0+cu124,5.5.3,sdpa,vi_vn,merged,0.20,5,79,10.02,998,502,-1,6,enc,87.0406
NVIDIA GeForce RTX 3080 Ti,1,2.6.0+cu124,5.5.3,sdpa,vi_vn,merged,0.20,5,79,10.02,998,502,-1,7,enc,86.1522
NVIDIA GeForce RTX 3080 Ti,1,2.6.0+cu124,5.5.3,sdpa,vi_vn,merged,0.20,5,79,10.02,998,502,-1,8,enc,85.8870
NVIDIA GeForce RTX 3080 Ti,1,2.6.0+cu124,5.5.3,sdpa,vi_vn,merged,0.20,5,79,10.02,998,502,-1,9,enc,85.9566
NVIDIA GeForce RTX 3080 Ti,1,2.6.0+cu124,5.5.3,sdpa,vi_vn,merged,0.30,5,79,10.02,998,502,-1,0,enc,81.0432
NVIDIA GeForce RTX 3080 Ti,1,2.6.0+cu124,5.5.3,sdpa,vi_vn,merged,0.30,5,79,10.02,998,502,-1,1,enc,83.5164
NVIDIA GeForce RTX 3080 Ti,1,2.6.0+cu124,5.5.3,sdpa,vi_vn,merged,0.30,5,79,10.02,998,502,-1,2,enc,82.6612
NVIDIA GeForce RTX 3080 Ti,1,2.6.0+cu124,5.5.3,sdpa,vi_vn,merged,0.30,5,79,10.02,998,502,-1,3,enc,81.3824
NVIDIA GeForce RTX 3080 Ti,1,2.6.0+cu124,5.5.3,sdpa,vi_vn,merged,0.30,5,79,10.02,998,502,-1,4,enc,80.5611
NVIDIA GeForce RTX 3080 Ti,1,2.6.0+cu124,5.5.3,sdpa,vi_vn,merged,0.30,5,79,10.02,998,502,-1,5,enc,80.4085
NVIDIA GeForce RTX 3080 Ti,1,2.6.0+cu124,5.5.3,sdpa,vi_vn,merged,0.30,5,79,10.02,998,502,-1,6,enc,80.5939
NVIDIA GeForce RTX 3080 Ti,1,2.6.0+cu124,5.5.3,sdpa,vi_vn,merged,0.30,5,79,10.02,998,502,-1,7,enc,79.9314
NVIDIA GeForce RTX 3080 Ti,1,2.6.0+cu124,5.5.3,sdpa,vi_vn,merged,0.30,5,79,10.02,998,502,-1,8,enc,80.1075
NVIDIA GeForce RTX 3080 Ti,1,2.6.0+cu124,5.5.3,sdpa,vi_vn,merged,0.30,5,79,10.02,998,502,-1,9,enc,79.9621
NVIDIA GeForce RTX 3080 Ti,1,2.6.0+cu124,5.5.3,sdpa,vi_vn,merged,0.40,5,79,10.02,998,502,-1,0,enc,76.3474
NVIDIA GeForce RTX 3080 Ti,1,2.6.0+cu124,5.5.3,sdpa,vi_vn,merged,0.40,5,79,10.02,998,502,-1,1,enc,75.4565
NVIDIA GeForce RTX 3080 Ti,1,2.6.0+cu124,5.5.3,sdpa,vi_vn,merged,0.40,5,79,10.02,998,502,-1,2,enc,75.1019
NVIDIA GeForce RTX 3080 Ti,1,2.6.0+cu124,5.5.3,sdpa,vi_vn,merged,0.40,5,79,10.02,998,502,-1,3,enc,74.9240
NVIDIA GeForce RTX 3080 Ti,1,2.6.0+cu124,5.5.3,sdpa,vi_vn,merged,0.40,5,79,10.02,998,502,-1,4,enc,74.9722
NVIDIA GeForce RTX 3080 Ti,1,2.6.0+cu124,5.5.3,sdpa,vi_vn,merged,0.40,5,79,10.02,998,502,-1,5,enc,75.2463
NVIDIA GeForce RTX 3080 Ti,1,2.6.0+cu124,5.5.3,sdpa,vi_vn,merged,0.40,5,79,10.02,998,502,-1,6,enc,74.8257
NVIDIA GeForce RTX 3080 Ti,1,2.6.0+cu124,5.5.3,sdpa,vi_vn,merged,0.40,5,79,10.02,998,502,-1,7,enc,74.7845
NVIDIA GeForce RTX 3080 Ti,1,2.6.0+cu124,5.5.3,sdpa,vi_vn,merged,0.40,5,79,10.02,998,502,-1,8,enc,74.3967
NVIDIA GeForce RTX 3080 Ti,1,2.6.0+cu124,5.5.3,sdpa,vi_vn,merged,0.40,5,79,10.02,998,502,-1,9,enc,74.9619
NVIDIA GeForce RTX 3080 Ti,1,2.6.0+cu124,5.5.3,sdpa,vi_vn,baseline,0.00,6,79,22.56,371,1129,-1,0,enc,97.3097
NVIDIA GeForce RTX 3080 Ti,1,2.6.0+cu124,5.5.3,sdpa,vi_vn,baseline,0.00,6,79,22.56,371,1129,-1,1,enc,96.6215
NVIDIA GeForce RTX 3080 Ti,1,2.6.0+cu124,5.5.3,sdpa,vi_vn,baseline,0.00,6,79,22.56,371,1129,-1,2,enc,95.6385
NVIDIA GeForce RTX 3080 Ti,1,2.6.0+cu124,5.5.3,sdpa,vi_vn,baseline,0.00,6,79,22.56,371,1129,-1,3,enc,95.4511
NVIDIA GeForce RTX 3080 Ti,1,2.6.0+cu124,5.5.3,sdpa,vi_vn,baseline,0.00,6,79,22.56,371,1129,-1,4,enc,94.8672
NVIDIA GeForce RTX 3080 Ti,1,2.6.0+cu124,5.5.3,sdpa,vi_vn,baseline,0.00,6,79,22.56,371,1129,-1,5,enc,95.1347
NVIDIA GeForce RTX 3080 Ti,1,2.6.0+cu124,5.5.3,sdpa,vi_vn,baseline,0.00,6,79,22.56,371,1129,-1,6,enc,95.5300
NVIDIA GeForce RTX 3080 Ti,1,2.6.0+cu124,5.5.3,sdpa,vi_vn,baseline,0.00,6,79,22.56,371,1129,-1,7,enc,95.5279
NVIDIA GeForce RTX 3080 Ti,1,2.6.0+cu124,5.5.3,sdpa,vi_vn,baseline,0.00,6,79,22.56,371,1129,-1,8,enc,95.7123
NVIDIA GeForce RTX 3080 Ti,1,2.6.0+cu124,5.5.3,sdpa,vi_vn,baseline,0.00,6,79,22.56,371,1129,-1,9,enc,96.4053
NVIDIA GeForce RTX 3080 Ti,1,2.6.0+cu124,5.5.3,sdpa,vi_vn,merged,0.20,6,79,22.56,371,1129,-1,0,enc,86.2188
NVIDIA GeForce RTX 3080 Ti,1,2.6.0+cu124,5.5.3,sdpa,vi_vn,merged,0.20,6,79,22.56,371,1129,-1,1,enc,86.2863
NVIDIA GeForce RTX 3080 Ti,1,2.6.0+cu124,5.5.3,sdpa,vi_vn,merged,0.20,6,79,22.56,371,1129,-1,2,enc,86.2983
NVIDIA GeForce RTX 3080 Ti,1,2.6.0+cu124,5.5.3,sdpa,vi_vn,merged,0.20,6,79,22.56,371,1129,-1,3,enc,86.0306
NVIDIA GeForce RTX 3080 Ti,1,2.6.0+cu124,5.5.3,sdpa,vi_vn,merged,0.20,6,79,22.56,371,1129,-1,4,enc,86.6847
NVIDIA GeForce RTX 3080 Ti,1,2.6.0+cu124,5.5.3,sdpa,vi_vn,merged,0.20,6,79,22.56,371,1129,-1,5,enc,87.1393
NVIDIA GeForce RTX 3080 Ti,1,2.6.0+cu124,5.5.3,sdpa,vi_vn,merged,0.20,6,79,22.56,371,1129,-1,6,enc,87.5694
NVIDIA GeForce RTX 3080 Ti,1,2.6.0+cu124,5.5.3,sdpa,vi_vn,merged,0.20,6,79,22.56,371,1129,-1,7,enc,87.3397
NVIDIA GeForce RTX 3080 Ti,1,2.6.0+cu124,5.5.3,sdpa,vi_vn,merged,0.20,6,79,22.56,371,1129,-1,8,enc,87.5213
NVIDIA GeForce RTX 3080 Ti,1,2.6.0+cu124,5.5.3,sdpa,vi_vn,merged,0.20,6,79,22.56,371,1129,-1,9,enc,86.8956
NVIDIA GeForce RTX 3080 Ti,1,2.6.0+cu124,5.5.3,sdpa,vi_vn,merged,0.30,6,79,22.56,371,1129,-1,0,enc,80.0878
NVIDIA GeForce RTX 3080 Ti,1,2.6.0+cu124,5.5.3,sdpa,vi_vn,merged,0.30,6,79,22.56,371,1129,-1,1,enc,79.9089
NVIDIA GeForce RTX 3080 Ti,1,2.6.0+cu124,5.5.3,sdpa,vi_vn,merged,0.30,6,79,22.56,371,1129,-1,2,enc,80.2939
NVIDIA GeForce RTX 3080 Ti,1,2.6.0+cu124,5.5.3,sdpa,vi_vn,merged,0.30,6,79,22.56,371,1129,-1,3,enc,80.3717
NVIDIA GeForce RTX 3080 Ti,1,2.6.0+cu124,5.5.3,sdpa,vi_vn,merged,0.30,6,79,22.56,371,1129,-1,4,enc,80.5333
NVIDIA GeForce RTX 3080 Ti,1,2.6.0+cu124,5.5.3,sdpa,vi_vn,merged,0.30,6,79,22.56,371,1129,-1,5,enc,88.3968
NVIDIA GeForce RTX 3080 Ti,1,2.6.0+cu124,5.5.3,sdpa,vi_vn,merged,0.30,6,79,22.56,371,1129,-1,6,enc,86.2300
NVIDIA GeForce RTX 3080 Ti,1,2.6.0+cu124,5.5.3,sdpa,vi_vn,merged,0.30,6,79,22.56,371,1129,-1,7,enc,80.3716
NVIDIA GeForce RTX 3080 Ti,1,2.6.0+cu124,5.5.3,sdpa,vi_vn,merged,0.30,6,79,22.56,371,1129,-1,8,enc,80.1149
NVIDIA GeForce RTX 3080 Ti,1,2.6.0+cu124,5.5.3,sdpa,vi_vn,merged,0.30,6,79,22.56,371,1129,-1,9,enc,80.1700
NVIDIA GeForce RTX 3080 Ti,1,2.6.0+cu124,5.5.3,sdpa,vi_vn,merged,0.40,6,79,22.56,371,1129,-1,0,enc,74.7121
NVIDIA GeForce RTX 3080 Ti,1,2.6.0+cu124,5.5.3,sdpa,vi_vn,merged,0.40,6,79,22.56,371,1129,-1,1,enc,74.7376
NVIDIA GeForce RTX 3080 Ti,1,2.6.0+cu124,5.5.3,sdpa,vi_vn,merged,0.40,6,79,22.56,371,1129,-1,2,enc,77.2782
NVIDIA GeForce RTX 3080 Ti,1,2.6.0+cu124,5.5.3,sdpa,vi_vn,merged,0.40,6,79,22.56,371,1129,-1,3,enc,78.3452
NVIDIA GeForce RTX 3080 Ti,1,2.6.0+cu124,5.5.3,sdpa,vi_vn,merged,0.40,6,79,22.56,371,1129,-1,4,enc,76.1495
NVIDIA GeForce RTX 3080 Ti,1,2.6.0+cu124,5.5.3,sdpa,vi_vn,merged,0.40,6,79,22.56,371,1129,-1,5,enc,75.8036
NVIDIA GeForce RTX 3080 Ti,1,2.6.0+cu124,5.5.3,sdpa,vi_vn,merged,0.40,6,79,22.56,371,1129,-1,6,enc,75.2097
NVIDIA GeForce RTX 3080 Ti,1,2.6.0+cu124,5.5.3,sdpa,vi_vn,merged,0.40,6,79,22.56,371,1129,-1,7,enc,74.8739
NVIDIA GeForce RTX 3080 Ti,1,2.6.0+cu124,5.5.3,sdpa,vi_vn,merged,0.40,6,79,22.56,371,1129,-1,8,enc,75.2060
NVIDIA GeForce RTX 3080 Ti,1,2.6.0+cu124,5.5.3,sdpa,vi_vn,merged,0.40,6,79,22.56,371,1129,-1,9,enc,74.6916
NVIDIA GeForce RTX 3080 Ti,1,2.6.0+cu124,5.5.3,sdpa,vi_vn,baseline,0.00,7,79,8.40,1079,421,-1,0,enc,95.1739
NVIDIA GeForce RTX 3080 Ti,1,2.6.0+cu124,5.5.3,sdpa,vi_vn,baseline,0.00,7,79,8.40,1079,421,-1,1,enc,97.7633
NVIDIA GeForce RTX 3080 Ti,1,2.6.0+cu124,5.5.3,sdpa,vi_vn,baseline,0.00,7,79,8.40,1079,421,-1,2,enc,99.8561
NVIDIA GeForce RTX 3080 Ti,1,2.6.0+cu124,5.5.3,sdpa,vi_vn,baseline,0.00,7,79,8.40,1079,421,-1,3,enc,97.2317
NVIDIA GeForce RTX 3080 Ti,1,2.6.0+cu124,5.5.3,sdpa,vi_vn,baseline,0.00,7,79,8.40,1079,421,-1,4,enc,95.3782
NVIDIA GeForce RTX 3080 Ti,1,2.6.0+cu124,5.5.3,sdpa,vi_vn,baseline,0.00,7,79,8.40,1079,421,-1,5,enc,94.5981
NVIDIA GeForce RTX 3080 Ti,1,2.6.0+cu124,5.5.3,sdpa,vi_vn,baseline,0.00,7,79,8.40,1079,421,-1,6,enc,94.5326
NVIDIA GeForce RTX 3080 Ti,1,2.6.0+cu124,5.5.3,sdpa,vi_vn,baseline,0.00,7,79,8.40,1079,421,-1,7,enc,94.7272
NVIDIA GeForce RTX 3080 Ti,1,2.6.0+cu124,5.5.3,sdpa,vi_vn,baseline,0.00,7,79,8.40,1079,421,-1,8,enc,94.7190
NVIDIA GeForce RTX 3080 Ti,1,2.6.0+cu124,5.5.3,sdpa,vi_vn,baseline,0.00,7,79,8.40,1079,421,-1,9,enc,94.7191
NVIDIA GeForce RTX 3080 Ti,1,2.6.0+cu124,5.5.3,sdpa,vi_vn,merged,0.20,7,79,8.40,1079,421,-1,0,enc,86.6711
NVIDIA GeForce RTX 3080 Ti,1,2.6.0+cu124,5.5.3,sdpa,vi_vn,merged,0.20,7,79,8.40,1079,421,-1,1,enc,85.9740
NVIDIA GeForce RTX 3080 Ti,1,2.6.0+cu124,5.5.3,sdpa,vi_vn,merged,0.20,7,79,8.40,1079,421,-1,2,enc,85.8595
NVIDIA GeForce RTX 3080 Ti,1,2.6.0+cu124,5.5.3,sdpa,vi_vn,merged,0.20,7,79,8.40,1079,421,-1,3,enc,86.0815
NVIDIA GeForce RTX 3080 Ti,1,2.6.0+cu124,5.5.3,sdpa,vi_vn,merged,0.20,7,79,8.40,1079,421,-1,4,enc,86.0876
NVIDIA GeForce RTX 3080 Ti,1,2.6.0+cu124,5.5.3,sdpa,vi_vn,merged,0.20,7,79,8.40,1079,421,-1,5,enc,86.4635
NVIDIA GeForce RTX 3080 Ti,1,2.6.0+cu124,5.5.3,sdpa,vi_vn,merged,0.20,7,79,8.40,1079,421,-1,6,enc,86.0744
NVIDIA GeForce RTX 3080 Ti,1,2.6.0+cu124,5.5.3,sdpa,vi_vn,merged,0.20,7,79,8.40,1079,421,-1,7,enc,87.0523
NVIDIA GeForce RTX 3080 Ti,1,2.6.0+cu124,5.5.3,sdpa,vi_vn,merged,0.20,7,79,8.40,1079,421,-1,8,enc,87.9933
NVIDIA GeForce RTX 3080 Ti,1,2.6.0+cu124,5.5.3,sdpa,vi_vn,merged,0.20,7,79,8.40,1079,421,-1,9,enc,88.6744
NVIDIA GeForce RTX 3080 Ti,1,2.6.0+cu124,5.5.3,sdpa,vi_vn,merged,0.30,7,79,8.40,1079,421,-1,0,enc,80.0154
NVIDIA GeForce RTX 3080 Ti,1,2.6.0+cu124,5.5.3,sdpa,vi_vn,merged,0.30,7,79,8.40,1079,421,-1,1,enc,81.5555
NVIDIA GeForce RTX 3080 Ti,1,2.6.0+cu124,5.5.3,sdpa,vi_vn,merged,0.30,7,79,8.40,1079,421,-1,2,enc,80.3021
NVIDIA GeForce RTX 3080 Ti,1,2.6.0+cu124,5.5.3,sdpa,vi_vn,merged,0.30,7,79,8.40,1079,421,-1,3,enc,80.7505
NVIDIA GeForce RTX 3080 Ti,1,2.6.0+cu124,5.5.3,sdpa,vi_vn,merged,0.30,7,79,8.40,1079,421,-1,4,enc,82.4484
NVIDIA GeForce RTX 3080 Ti,1,2.6.0+cu124,5.5.3,sdpa,vi_vn,merged,0.30,7,79,8.40,1079,421,-1,5,enc,81.8162
NVIDIA GeForce RTX 3080 Ti,1,2.6.0+cu124,5.5.3,sdpa,vi_vn,merged,0.30,7,79,8.40,1079,421,-1,6,enc,81.7220
NVIDIA GeForce RTX 3080 Ti,1,2.6.0+cu124,5.5.3,sdpa,vi_vn,merged,0.30,7,79,8.40,1079,421,-1,7,enc,81.4428
NVIDIA GeForce RTX 3080 Ti,1,2.6.0+cu124,5.5.3,sdpa,vi_vn,merged,0.30,7,79,8.40,1079,421,-1,8,enc,81.2522
NVIDIA GeForce RTX 3080 Ti,1,2.6.0+cu124,5.5.3,sdpa,vi_vn,merged,0.30,7,79,8.40,1079,421,-1,9,enc,80.9329
NVIDIA GeForce RTX 3080 Ti,1,2.6.0+cu124,5.5.3,sdpa,vi_vn,merged,0.40,7,79,8.40,1079,421,-1,0,enc,74.4888
NVIDIA GeForce RTX 3080 Ti,1,2.6.0+cu124,5.5.3,sdpa,vi_vn,merged,0.40,7,79,8.40,1079,421,-1,1,enc,74.8974
NVIDIA GeForce RTX 3080 Ti,1,2.6.0+cu124,5.5.3,sdpa,vi_vn,merged,0.40,7,79,8.40,1079,421,-1,2,enc,74.6301
NVIDIA GeForce RTX 3080 Ti,1,2.6.0+cu124,5.5.3,sdpa,vi_vn,merged,0.40,7,79,8.40,1079,421,-1,3,enc,74.8499
NVIDIA GeForce RTX 3080 Ti,1,2.6.0+cu124,5.5.3,sdpa,vi_vn,merged,0.40,7,79,8.40,1079,421,-1,4,enc,74.6721
NVIDIA GeForce RTX 3080 Ti,1,2.6.0+cu124,5.5.3,sdpa,vi_vn,merged,0.40,7,79,8.40,1079,421,-1,5,enc,75.9446
NVIDIA GeForce RTX 3080 Ti,1,2.6.0+cu124,5.5.3,sdpa,vi_vn,merged,0.40,7,79,8.40,1079,421,-1,6,enc,84.7063
NVIDIA GeForce RTX 3080 Ti,1,2.6.0+cu124,5.5.3,sdpa,vi_vn,merged,0.40,7,79,8.40,1079,421,-1,7,enc,78.2048
NVIDIA GeForce RTX 3080 Ti,1,2.6.0+cu124,5.5.3,sdpa,vi_vn,merged,0.40,7,79,8.40,1079,421,-1,8,enc,74.7396
NVIDIA GeForce RTX 3080 Ti,1,2.6.0+cu124,5.5.3,sdpa,vi_vn,merged,0.40,7,79,8.40,1079,421,-1,9,enc,74.6752
